ISO-10303-21;
HEADER;
/* Generated by software containing ST-Developer
 * from STEP Tools, Inc. (www.steptools.com) 
 */
/* OPTION: using custom renumber hook */

FILE_DESCRIPTION(
/* description */ ('STEP AP242 Edition 2',
'CAx-IF Rec.Pracs.---Representation and Presentation of Product Manufa
cturing Information (PMI)---4.0---2014-10-13',
'CAx-IF Rec.Pracs.---3D Tessellated Geometry---0.4---2014-09-14','2;1',
'CAx-IF Rec.Pracs.---User Defined Attributes---1.5---2016-08-15'),
/* implementation_level */ '2;1');

FILE_NAME(
/* name */ 'Chassis V3 - Bottom',
/* time_stamp */ '2026-06-16T06:07:49Z',
/* author */ (''),
/* organization */ (''),
/* preprocessor_version */ 'ST-DEVELOPER v20',
/* originating_system */ 'ONSHAPE BY PTC INC, 1.216',
/* authorisation */ '  ');

FILE_SCHEMA (('AP242_MANAGED_MODEL_BASED_3D_ENGINEERING_MIM_LF { 1 0 10303 442 3 1 4 }'));
ENDSEC;

DATA;
#10=SHAPE_REPRESENTATION_RELATIONSHIP('','',#1684,#11);
#11=ADVANCED_BREP_SHAPE_REPRESENTATION('',(#1682),#2802);
#12=SPHERICAL_SURFACE('',#1822,0.00168995);
#13=SPHERICAL_SURFACE('',#1829,0.00168995);
#14=SPHERICAL_SURFACE('',#1831,0.00168995);
#15=SPHERICAL_SURFACE('',#1837,0.00168995);
#16=CYLINDRICAL_SURFACE('',#1724,0.0115);
#17=CYLINDRICAL_SURFACE('',#1725,0.00175);
#18=CYLINDRICAL_SURFACE('',#1726,0.00175);
#19=CYLINDRICAL_SURFACE('',#1727,0.00175);
#20=CYLINDRICAL_SURFACE('',#1728,0.00175);
#21=CYLINDRICAL_SURFACE('',#1729,0.0115);
#22=CYLINDRICAL_SURFACE('',#1730,0.00175);
#23=CYLINDRICAL_SURFACE('',#1731,0.00175);
#24=CYLINDRICAL_SURFACE('',#1732,0.00175);
#25=CYLINDRICAL_SURFACE('',#1733,0.00175);
#26=CYLINDRICAL_SURFACE('',#1734,0.003);
#27=CYLINDRICAL_SURFACE('',#1738,0.003);
#28=CYLINDRICAL_SURFACE('',#1742,0.003);
#29=CYLINDRICAL_SURFACE('',#1746,0.0014);
#30=CYLINDRICAL_SURFACE('',#1749,0.0014);
#31=CYLINDRICAL_SURFACE('',#1752,0.0014);
#32=CYLINDRICAL_SURFACE('',#1814,0.00168994949366116);
#33=CYLINDRICAL_SURFACE('',#1816,0.00168994949366116);
#34=CYLINDRICAL_SURFACE('',#1818,0.00168994949366116);
#35=CYLINDRICAL_SURFACE('',#1820,0.00168994949366116);
#36=CYLINDRICAL_SURFACE('',#1825,0.00168995);
#37=CYLINDRICAL_SURFACE('',#1827,0.00168995);
#38=CYLINDRICAL_SURFACE('',#1833,0.00168995);
#39=CYLINDRICAL_SURFACE('',#1835,0.00168995);
#40=CYLINDRICAL_SURFACE('',#1838,0.00175);
#41=CYLINDRICAL_SURFACE('',#1839,0.00175);
#42=CYLINDRICAL_SURFACE('',#1840,0.00175);
#43=CYLINDRICAL_SURFACE('',#1841,0.00175);
#44=CYLINDRICAL_SURFACE('',#1842,0.00175);
#45=CYLINDRICAL_SURFACE('',#1843,0.00175);
#46=CYLINDRICAL_SURFACE('',#1844,0.005);
#47=CYLINDRICAL_SURFACE('',#1845,0.005);
#48=CYLINDRICAL_SURFACE('',#1846,0.005);
#49=CYLINDRICAL_SURFACE('',#1847,0.005);
#50=CYLINDRICAL_SURFACE('',#1848,0.005);
#51=CYLINDRICAL_SURFACE('',#1849,0.005);
#52=CYLINDRICAL_SURFACE('',#1850,0.005);
#53=CYLINDRICAL_SURFACE('',#1851,0.005);
#54=CYLINDRICAL_SURFACE('',#1852,0.005);
#55=CYLINDRICAL_SURFACE('',#1853,0.005);
#56=CYLINDRICAL_SURFACE('',#1854,0.005);
#57=CIRCLE('',#1687,0.003);
#58=CIRCLE('',#1688,0.003);
#59=CIRCLE('',#1689,0.003);
#60=CIRCLE('',#1690,0.00168994949366116);
#61=CIRCLE('',#1691,0.00168994949366116);
#62=CIRCLE('',#1692,0.00168994949366116);
#63=CIRCLE('',#1693,0.00168994949366116);
#64=CIRCLE('',#1697,0.00175);
#65=CIRCLE('',#1698,0.00175);
#66=CIRCLE('',#1699,0.00175);
#67=CIRCLE('',#1700,0.00175);
#68=CIRCLE('',#1701,0.0115);
#69=CIRCLE('',#1703,0.00175);
#70=CIRCLE('',#1704,0.00175);
#71=CIRCLE('',#1705,0.00175);
#72=CIRCLE('',#1706,0.00175);
#73=CIRCLE('',#1707,0.0115);
#74=CIRCLE('',#1711,0.00175);
#75=CIRCLE('',#1712,0.00175);
#76=CIRCLE('',#1713,0.00175);
#77=CIRCLE('',#1714,0.00175);
#78=CIRCLE('',#1715,0.0115);
#79=CIRCLE('',#1717,0.00175);
#80=CIRCLE('',#1718,0.00175);
#81=CIRCLE('',#1719,0.00175);
#82=CIRCLE('',#1720,0.00175);
#83=CIRCLE('',#1721,0.0115);
#84=CIRCLE('',#1735,0.003);
#85=CIRCLE('',#1737,0.0014);
#86=CIRCLE('',#1739,0.003);
#87=CIRCLE('',#1741,0.0014);
#88=CIRCLE('',#1743,0.003);
#89=CIRCLE('',#1745,0.0014);
#90=CIRCLE('',#1747,0.0014);
#91=CIRCLE('',#1750,0.0014);
#92=CIRCLE('',#1753,0.0014);
#93=CIRCLE('',#1760,0.005);
#94=CIRCLE('',#1761,0.005);
#95=CIRCLE('',#1762,0.005);
#96=CIRCLE('',#1763,0.005);
#97=CIRCLE('',#1764,0.005);
#98=CIRCLE('',#1765,0.005);
#99=CIRCLE('',#1769,0.005);
#100=CIRCLE('',#1770,0.005);
#101=CIRCLE('',#1771,0.005);
#102=CIRCLE('',#1772,0.005);
#103=CIRCLE('',#1773,0.005);
#104=CIRCLE('',#1774,0.005);
#105=CIRCLE('',#1776,0.005);
#106=CIRCLE('',#1777,0.005);
#107=CIRCLE('',#1780,0.005);
#108=CIRCLE('',#1781,0.005);
#109=CIRCLE('',#1783,0.005);
#110=CIRCLE('',#1784,0.005);
#111=CIRCLE('',#1787,0.005);
#112=CIRCLE('',#1788,0.005);
#113=CIRCLE('',#1790,0.00175);
#114=CIRCLE('',#1791,0.00175);
#115=CIRCLE('',#1792,0.00175);
#116=CIRCLE('',#1793,0.00175);
#117=CIRCLE('',#1794,0.00175);
#118=CIRCLE('',#1795,0.00175);
#119=CIRCLE('',#1797,0.00175);
#120=CIRCLE('',#1798,0.00175);
#121=CIRCLE('',#1799,0.00175);
#122=CIRCLE('',#1800,0.00175);
#123=CIRCLE('',#1801,0.00175);
#124=CIRCLE('',#1802,0.00175);
#125=CIRCLE('',#1804,0.005);
#126=CIRCLE('',#1807,0.005);
#127=CIRCLE('',#1815,0.00168994949366116);
#128=CIRCLE('',#1817,0.00168994949366116);
#129=CIRCLE('',#1819,0.00168994949366116);
#130=CIRCLE('',#1821,0.00168994949366116);
#131=CIRCLE('',#1823,0.00168995);
#132=CIRCLE('',#1824,0.00168995);
#133=CIRCLE('',#1826,0.00168995);
#134=CIRCLE('',#1828,0.00168995);
#135=CIRCLE('',#1830,0.00168995);
#136=CIRCLE('',#1832,0.00168995);
#137=CIRCLE('',#1834,0.00168995);
#138=CIRCLE('',#1836,0.00168995);
#139=ORIENTED_EDGE('',*,*,#581,.F.);
#140=ORIENTED_EDGE('',*,*,#582,.T.);
#141=ORIENTED_EDGE('',*,*,#583,.T.);
#142=ORIENTED_EDGE('',*,*,#584,.T.);
#143=ORIENTED_EDGE('',*,*,#585,.F.);
#144=ORIENTED_EDGE('',*,*,#586,.T.);
#145=ORIENTED_EDGE('',*,*,#587,.T.);
#146=ORIENTED_EDGE('',*,*,#588,.F.);
#147=ORIENTED_EDGE('',*,*,#589,.T.);
#148=ORIENTED_EDGE('',*,*,#590,.F.);
#149=ORIENTED_EDGE('',*,*,#591,.F.);
#150=ORIENTED_EDGE('',*,*,#592,.T.);
#151=ORIENTED_EDGE('',*,*,#593,.F.);
#152=ORIENTED_EDGE('',*,*,#594,.F.);
#153=ORIENTED_EDGE('',*,*,#595,.F.);
#154=ORIENTED_EDGE('',*,*,#596,.F.);
#155=ORIENTED_EDGE('',*,*,#597,.T.);
#156=ORIENTED_EDGE('',*,*,#598,.F.);
#157=ORIENTED_EDGE('',*,*,#599,.T.);
#158=ORIENTED_EDGE('',*,*,#600,.T.);
#159=ORIENTED_EDGE('',*,*,#601,.T.);
#160=ORIENTED_EDGE('',*,*,#602,.T.);
#161=ORIENTED_EDGE('',*,*,#603,.T.);
#162=ORIENTED_EDGE('',*,*,#604,.F.);
#163=ORIENTED_EDGE('',*,*,#605,.T.);
#164=ORIENTED_EDGE('',*,*,#606,.T.);
#165=ORIENTED_EDGE('',*,*,#607,.F.);
#166=ORIENTED_EDGE('',*,*,#608,.T.);
#167=ORIENTED_EDGE('',*,*,#609,.T.);
#168=ORIENTED_EDGE('',*,*,#610,.F.);
#169=ORIENTED_EDGE('',*,*,#611,.F.);
#170=ORIENTED_EDGE('',*,*,#612,.F.);
#171=ORIENTED_EDGE('',*,*,#613,.T.);
#172=ORIENTED_EDGE('',*,*,#614,.T.);
#173=ORIENTED_EDGE('',*,*,#615,.F.);
#174=ORIENTED_EDGE('',*,*,#616,.F.);
#175=ORIENTED_EDGE('',*,*,#617,.F.);
#176=ORIENTED_EDGE('',*,*,#618,.T.);
#177=ORIENTED_EDGE('',*,*,#619,.T.);
#178=ORIENTED_EDGE('',*,*,#620,.F.);
#179=ORIENTED_EDGE('',*,*,#621,.F.);
#180=ORIENTED_EDGE('',*,*,#622,.T.);
#181=ORIENTED_EDGE('',*,*,#623,.F.);
#182=ORIENTED_EDGE('',*,*,#624,.F.);
#183=ORIENTED_EDGE('',*,*,#625,.F.);
#184=ORIENTED_EDGE('',*,*,#626,.T.);
#185=ORIENTED_EDGE('',*,*,#627,.F.);
#186=ORIENTED_EDGE('',*,*,#628,.T.);
#187=ORIENTED_EDGE('',*,*,#629,.T.);
#188=ORIENTED_EDGE('',*,*,#630,.T.);
#189=ORIENTED_EDGE('',*,*,#631,.T.);
#190=ORIENTED_EDGE('',*,*,#632,.F.);
#191=ORIENTED_EDGE('',*,*,#633,.F.);
#192=ORIENTED_EDGE('',*,*,#634,.T.);
#193=ORIENTED_EDGE('',*,*,#635,.T.);
#194=ORIENTED_EDGE('',*,*,#636,.F.);
#195=ORIENTED_EDGE('',*,*,#637,.F.);
#196=ORIENTED_EDGE('',*,*,#638,.F.);
#197=ORIENTED_EDGE('',*,*,#639,.F.);
#198=ORIENTED_EDGE('',*,*,#640,.F.);
#199=ORIENTED_EDGE('',*,*,#641,.T.);
#200=ORIENTED_EDGE('',*,*,#642,.T.);
#201=ORIENTED_EDGE('',*,*,#643,.T.);
#202=ORIENTED_EDGE('',*,*,#598,.T.);
#203=ORIENTED_EDGE('',*,*,#644,.F.);
#204=ORIENTED_EDGE('',*,*,#645,.F.);
#205=ORIENTED_EDGE('',*,*,#646,.F.);
#206=ORIENTED_EDGE('',*,*,#647,.F.);
#207=ORIENTED_EDGE('',*,*,#648,.F.);
#208=ORIENTED_EDGE('',*,*,#649,.T.);
#209=ORIENTED_EDGE('',*,*,#650,.T.);
#210=ORIENTED_EDGE('',*,*,#651,.T.);
#211=ORIENTED_EDGE('',*,*,#602,.F.);
#212=ORIENTED_EDGE('',*,*,#652,.T.);
#213=ORIENTED_EDGE('',*,*,#653,.T.);
#214=ORIENTED_EDGE('',*,*,#654,.T.);
#215=ORIENTED_EDGE('',*,*,#600,.F.);
#216=ORIENTED_EDGE('',*,*,#655,.T.);
#217=ORIENTED_EDGE('',*,*,#656,.T.);
#218=ORIENTED_EDGE('',*,*,#657,.T.);
#219=ORIENTED_EDGE('',*,*,#596,.T.);
#220=ORIENTED_EDGE('',*,*,#658,.F.);
#221=ORIENTED_EDGE('',*,*,#659,.F.);
#222=ORIENTED_EDGE('',*,*,#660,.F.);
#223=ORIENTED_EDGE('',*,*,#661,.F.);
#224=ORIENTED_EDGE('',*,*,#662,.F.);
#225=ORIENTED_EDGE('',*,*,#663,.F.);
#226=ORIENTED_EDGE('',*,*,#618,.F.);
#227=ORIENTED_EDGE('',*,*,#664,.T.);
#228=ORIENTED_EDGE('',*,*,#633,.T.);
#229=ORIENTED_EDGE('',*,*,#665,.T.);
#230=ORIENTED_EDGE('',*,*,#666,.T.);
#231=ORIENTED_EDGE('',*,*,#667,.T.);
#232=ORIENTED_EDGE('',*,*,#668,.T.);
#233=ORIENTED_EDGE('',*,*,#669,.T.);
#234=ORIENTED_EDGE('',*,*,#670,.T.);
#235=ORIENTED_EDGE('',*,*,#635,.F.);
#236=ORIENTED_EDGE('',*,*,#671,.F.);
#237=ORIENTED_EDGE('',*,*,#620,.T.);
#238=ORIENTED_EDGE('',*,*,#617,.T.);
#239=ORIENTED_EDGE('',*,*,#672,.T.);
#240=ORIENTED_EDGE('',*,*,#611,.T.);
#241=ORIENTED_EDGE('',*,*,#673,.F.);
#242=ORIENTED_EDGE('',*,*,#625,.T.);
#243=ORIENTED_EDGE('',*,*,#674,.T.);
#244=ORIENTED_EDGE('',*,*,#604,.T.);
#245=ORIENTED_EDGE('',*,*,#675,.F.);
#246=ORIENTED_EDGE('',*,*,#621,.T.);
#247=ORIENTED_EDGE('',*,*,#671,.T.);
#248=ORIENTED_EDGE('',*,*,#634,.F.);
#249=ORIENTED_EDGE('',*,*,#664,.F.);
#250=ORIENTED_EDGE('',*,*,#619,.F.);
#251=ORIENTED_EDGE('',*,*,#663,.T.);
#252=ORIENTED_EDGE('',*,*,#632,.T.);
#253=ORIENTED_EDGE('',*,*,#670,.F.);
#254=ORIENTED_EDGE('',*,*,#648,.T.);
#255=ORIENTED_EDGE('',*,*,#669,.F.);
#256=ORIENTED_EDGE('',*,*,#647,.T.);
#257=ORIENTED_EDGE('',*,*,#668,.F.);
#258=ORIENTED_EDGE('',*,*,#646,.T.);
#259=ORIENTED_EDGE('',*,*,#667,.F.);
#260=ORIENTED_EDGE('',*,*,#645,.T.);
#261=ORIENTED_EDGE('',*,*,#666,.F.);
#262=ORIENTED_EDGE('',*,*,#644,.T.);
#263=ORIENTED_EDGE('',*,*,#665,.F.);
#264=ORIENTED_EDGE('',*,*,#662,.T.);
#265=ORIENTED_EDGE('',*,*,#640,.T.);
#266=ORIENTED_EDGE('',*,*,#661,.T.);
#267=ORIENTED_EDGE('',*,*,#639,.T.);
#268=ORIENTED_EDGE('',*,*,#660,.T.);
#269=ORIENTED_EDGE('',*,*,#638,.T.);
#270=ORIENTED_EDGE('',*,*,#659,.T.);
#271=ORIENTED_EDGE('',*,*,#637,.T.);
#272=ORIENTED_EDGE('',*,*,#658,.T.);
#273=ORIENTED_EDGE('',*,*,#636,.T.);
#274=ORIENTED_EDGE('',*,*,#595,.T.);
#275=ORIENTED_EDGE('',*,*,#676,.F.);
#276=ORIENTED_EDGE('',*,*,#677,.F.);
#277=ORIENTED_EDGE('',*,*,#676,.T.);
#278=ORIENTED_EDGE('',*,*,#594,.T.);
#279=ORIENTED_EDGE('',*,*,#678,.F.);
#280=ORIENTED_EDGE('',*,*,#679,.F.);
#281=ORIENTED_EDGE('',*,*,#678,.T.);
#282=ORIENTED_EDGE('',*,*,#593,.T.);
#283=ORIENTED_EDGE('',*,*,#680,.F.);
#284=ORIENTED_EDGE('',*,*,#681,.F.);
#285=ORIENTED_EDGE('',*,*,#680,.T.);
#286=ORIENTED_EDGE('',*,*,#682,.F.);
#287=ORIENTED_EDGE('',*,*,#681,.T.);
#288=ORIENTED_EDGE('',*,*,#682,.T.);
#289=ORIENTED_EDGE('',*,*,#683,.F.);
#290=ORIENTED_EDGE('',*,*,#679,.T.);
#291=ORIENTED_EDGE('',*,*,#683,.T.);
#292=ORIENTED_EDGE('',*,*,#684,.F.);
#293=ORIENTED_EDGE('',*,*,#677,.T.);
#294=ORIENTED_EDGE('',*,*,#684,.T.);
#295=ORIENTED_EDGE('',*,*,#685,.T.);
#296=ORIENTED_EDGE('',*,*,#686,.T.);
#297=ORIENTED_EDGE('',*,*,#687,.F.);
#298=ORIENTED_EDGE('',*,*,#688,.F.);
#299=ORIENTED_EDGE('',*,*,#689,.F.);
#300=ORIENTED_EDGE('',*,*,#687,.T.);
#301=ORIENTED_EDGE('',*,*,#690,.T.);
#302=ORIENTED_EDGE('',*,*,#584,.F.);
#303=ORIENTED_EDGE('',*,*,#691,.T.);
#304=ORIENTED_EDGE('',*,*,#692,.T.);
#305=ORIENTED_EDGE('',*,*,#693,.F.);
#306=ORIENTED_EDGE('',*,*,#612,.T.);
#307=ORIENTED_EDGE('',*,*,#694,.T.);
#308=ORIENTED_EDGE('',*,*,#695,.T.);
#309=ORIENTED_EDGE('',*,*,#696,.F.);
#310=ORIENTED_EDGE('',*,*,#697,.T.);
#311=ORIENTED_EDGE('',*,*,#698,.T.);
#312=ORIENTED_EDGE('',*,*,#699,.T.);
#313=ORIENTED_EDGE('',*,*,#700,.F.);
#314=ORIENTED_EDGE('',*,*,#685,.F.);
#315=ORIENTED_EDGE('',*,*,#701,.T.);
#316=ORIENTED_EDGE('',*,*,#702,.T.);
#317=ORIENTED_EDGE('',*,*,#703,.F.);
#318=ORIENTED_EDGE('',*,*,#704,.T.);
#319=ORIENTED_EDGE('',*,*,#705,.F.);
#320=ORIENTED_EDGE('',*,*,#706,.T.);
#321=ORIENTED_EDGE('',*,*,#707,.T.);
#322=ORIENTED_EDGE('',*,*,#708,.F.);
#323=ORIENTED_EDGE('',*,*,#707,.F.);
#324=ORIENTED_EDGE('',*,*,#709,.T.);
#325=ORIENTED_EDGE('',*,*,#590,.T.);
#326=ORIENTED_EDGE('',*,*,#710,.T.);
#327=ORIENTED_EDGE('',*,*,#711,.F.);
#328=ORIENTED_EDGE('',*,*,#712,.T.);
#329=ORIENTED_EDGE('',*,*,#713,.T.);
#330=ORIENTED_EDGE('',*,*,#714,.T.);
#331=ORIENTED_EDGE('',*,*,#696,.T.);
#332=ORIENTED_EDGE('',*,*,#715,.T.);
#333=ORIENTED_EDGE('',*,*,#585,.T.);
#334=ORIENTED_EDGE('',*,*,#690,.F.);
#335=ORIENTED_EDGE('',*,*,#686,.F.);
#336=ORIENTED_EDGE('',*,*,#700,.T.);
#337=ORIENTED_EDGE('',*,*,#716,.T.);
#338=ORIENTED_EDGE('',*,*,#717,.F.);
#339=ORIENTED_EDGE('',*,*,#718,.T.);
#340=ORIENTED_EDGE('',*,*,#719,.F.);
#341=ORIENTED_EDGE('',*,*,#706,.F.);
#342=ORIENTED_EDGE('',*,*,#720,.T.);
#343=ORIENTED_EDGE('',*,*,#591,.T.);
#344=ORIENTED_EDGE('',*,*,#709,.F.);
#345=ORIENTED_EDGE('',*,*,#711,.T.);
#346=ORIENTED_EDGE('',*,*,#721,.T.);
#347=ORIENTED_EDGE('',*,*,#722,.F.);
#348=ORIENTED_EDGE('',*,*,#723,.T.);
#349=ORIENTED_EDGE('',*,*,#724,.T.);
#350=ORIENTED_EDGE('',*,*,#725,.T.);
#351=ORIENTED_EDGE('',*,*,#726,.F.);
#352=ORIENTED_EDGE('',*,*,#708,.T.);
#353=ORIENTED_EDGE('',*,*,#719,.T.);
#354=ORIENTED_EDGE('',*,*,#727,.T.);
#355=ORIENTED_EDGE('',*,*,#728,.F.);
#356=ORIENTED_EDGE('',*,*,#729,.T.);
#357=ORIENTED_EDGE('',*,*,#720,.F.);
#358=ORIENTED_EDGE('',*,*,#705,.T.);
#359=ORIENTED_EDGE('',*,*,#726,.T.);
#360=ORIENTED_EDGE('',*,*,#730,.T.);
#361=ORIENTED_EDGE('',*,*,#731,.T.);
#362=ORIENTED_EDGE('',*,*,#732,.T.);
#363=ORIENTED_EDGE('',*,*,#701,.F.);
#364=ORIENTED_EDGE('',*,*,#688,.T.);
#365=ORIENTED_EDGE('',*,*,#689,.T.);
#366=ORIENTED_EDGE('',*,*,#583,.F.);
#367=ORIENTED_EDGE('',*,*,#733,.T.);
#368=ORIENTED_EDGE('',*,*,#691,.F.);
#369=ORIENTED_EDGE('',*,*,#734,.T.);
#370=ORIENTED_EDGE('',*,*,#735,.F.);
#371=ORIENTED_EDGE('',*,*,#736,.T.);
#372=ORIENTED_EDGE('',*,*,#722,.T.);
#373=ORIENTED_EDGE('',*,*,#737,.T.);
#374=ORIENTED_EDGE('',*,*,#592,.F.);
#375=ORIENTED_EDGE('',*,*,#703,.T.);
#376=ORIENTED_EDGE('',*,*,#738,.T.);
#377=ORIENTED_EDGE('',*,*,#739,.T.);
#378=ORIENTED_EDGE('',*,*,#740,.F.);
#379=ORIENTED_EDGE('',*,*,#741,.F.);
#380=ORIENTED_EDGE('',*,*,#742,.T.);
#381=ORIENTED_EDGE('',*,*,#743,.T.);
#382=ORIENTED_EDGE('',*,*,#744,.F.);
#383=ORIENTED_EDGE('',*,*,#745,.F.);
#384=ORIENTED_EDGE('',*,*,#740,.T.);
#385=ORIENTED_EDGE('',*,*,#746,.F.);
#386=ORIENTED_EDGE('',*,*,#747,.T.);
#387=ORIENTED_EDGE('',*,*,#698,.F.);
#388=ORIENTED_EDGE('',*,*,#748,.T.);
#389=ORIENTED_EDGE('',*,*,#749,.T.);
#390=ORIENTED_EDGE('',*,*,#744,.T.);
#391=ORIENTED_EDGE('',*,*,#728,.T.);
#392=ORIENTED_EDGE('',*,*,#750,.T.);
#393=ORIENTED_EDGE('',*,*,#751,.T.);
#394=ORIENTED_EDGE('',*,*,#752,.F.);
#395=ORIENTED_EDGE('',*,*,#753,.F.);
#396=ORIENTED_EDGE('',*,*,#754,.T.);
#397=ORIENTED_EDGE('',*,*,#755,.F.);
#398=ORIENTED_EDGE('',*,*,#756,.F.);
#399=ORIENTED_EDGE('',*,*,#757,.T.);
#400=ORIENTED_EDGE('',*,*,#752,.T.);
#401=ORIENTED_EDGE('',*,*,#758,.F.);
#402=ORIENTED_EDGE('',*,*,#759,.T.);
#403=ORIENTED_EDGE('',*,*,#724,.F.);
#404=ORIENTED_EDGE('',*,*,#760,.T.);
#405=ORIENTED_EDGE('',*,*,#761,.T.);
#406=ORIENTED_EDGE('',*,*,#756,.T.);
#407=ORIENTED_EDGE('',*,*,#762,.F.);
#408=ORIENTED_EDGE('',*,*,#763,.F.);
#409=ORIENTED_EDGE('',*,*,#764,.F.);
#410=ORIENTED_EDGE('',*,*,#765,.F.);
#411=ORIENTED_EDGE('',*,*,#766,.F.);
#412=ORIENTED_EDGE('',*,*,#767,.F.);
#413=ORIENTED_EDGE('',*,*,#749,.F.);
#414=ORIENTED_EDGE('',*,*,#768,.T.);
#415=ORIENTED_EDGE('',*,*,#713,.F.);
#416=ORIENTED_EDGE('',*,*,#769,.T.);
#417=ORIENTED_EDGE('',*,*,#753,.T.);
#418=ORIENTED_EDGE('',*,*,#757,.F.);
#419=ORIENTED_EDGE('',*,*,#761,.F.);
#420=ORIENTED_EDGE('',*,*,#770,.T.);
#421=ORIENTED_EDGE('',*,*,#735,.T.);
#422=ORIENTED_EDGE('',*,*,#771,.T.);
#423=ORIENTED_EDGE('',*,*,#741,.T.);
#424=ORIENTED_EDGE('',*,*,#745,.T.);
#425=ORIENTED_EDGE('',*,*,#772,.F.);
#426=ORIENTED_EDGE('',*,*,#773,.F.);
#427=ORIENTED_EDGE('',*,*,#774,.F.);
#428=ORIENTED_EDGE('',*,*,#775,.F.);
#429=ORIENTED_EDGE('',*,*,#776,.F.);
#430=ORIENTED_EDGE('',*,*,#777,.F.);
#431=ORIENTED_EDGE('',*,*,#751,.F.);
#432=ORIENTED_EDGE('',*,*,#778,.T.);
#433=ORIENTED_EDGE('',*,*,#717,.T.);
#434=ORIENTED_EDGE('',*,*,#779,.T.);
#435=ORIENTED_EDGE('',*,*,#746,.T.);
#436=ORIENTED_EDGE('',*,*,#743,.F.);
#437=ORIENTED_EDGE('',*,*,#739,.F.);
#438=ORIENTED_EDGE('',*,*,#780,.T.);
#439=ORIENTED_EDGE('',*,*,#731,.F.);
#440=ORIENTED_EDGE('',*,*,#781,.T.);
#441=ORIENTED_EDGE('',*,*,#758,.T.);
#442=ORIENTED_EDGE('',*,*,#755,.T.);
#443=ORIENTED_EDGE('',*,*,#693,.T.);
#444=ORIENTED_EDGE('',*,*,#782,.T.);
#445=ORIENTED_EDGE('',*,*,#581,.T.);
#446=ORIENTED_EDGE('',*,*,#783,.F.);
#447=ORIENTED_EDGE('',*,*,#613,.F.);
#448=ORIENTED_EDGE('',*,*,#783,.T.);
#449=ORIENTED_EDGE('',*,*,#588,.T.);
#450=ORIENTED_EDGE('',*,*,#784,.F.);
#451=ORIENTED_EDGE('',*,*,#614,.F.);
#452=ORIENTED_EDGE('',*,*,#615,.T.);
#453=ORIENTED_EDGE('',*,*,#784,.T.);
#454=ORIENTED_EDGE('',*,*,#587,.F.);
#455=ORIENTED_EDGE('',*,*,#785,.T.);
#456=ORIENTED_EDGE('',*,*,#694,.F.);
#457=ORIENTED_EDGE('',*,*,#624,.T.);
#458=ORIENTED_EDGE('',*,*,#786,.T.);
#459=ORIENTED_EDGE('',*,*,#605,.F.);
#460=ORIENTED_EDGE('',*,*,#674,.F.);
#461=ORIENTED_EDGE('',*,*,#675,.T.);
#462=ORIENTED_EDGE('',*,*,#607,.T.);
#463=ORIENTED_EDGE('',*,*,#787,.F.);
#464=ORIENTED_EDGE('',*,*,#622,.F.);
#465=ORIENTED_EDGE('',*,*,#623,.T.);
#466=ORIENTED_EDGE('',*,*,#787,.T.);
#467=ORIENTED_EDGE('',*,*,#606,.F.);
#468=ORIENTED_EDGE('',*,*,#786,.F.);
#469=ORIENTED_EDGE('',*,*,#627,.T.);
#470=ORIENTED_EDGE('',*,*,#788,.T.);
#471=ORIENTED_EDGE('',*,*,#609,.F.);
#472=ORIENTED_EDGE('',*,*,#789,.F.);
#473=ORIENTED_EDGE('',*,*,#616,.T.);
#474=ORIENTED_EDGE('',*,*,#789,.T.);
#475=ORIENTED_EDGE('',*,*,#608,.F.);
#476=ORIENTED_EDGE('',*,*,#672,.F.);
#477=ORIENTED_EDGE('',*,*,#673,.T.);
#478=ORIENTED_EDGE('',*,*,#610,.T.);
#479=ORIENTED_EDGE('',*,*,#788,.F.);
#480=ORIENTED_EDGE('',*,*,#626,.F.);
#481=ORIENTED_EDGE('',*,*,#657,.F.);
#482=ORIENTED_EDGE('',*,*,#790,.T.);
#483=ORIENTED_EDGE('',*,*,#641,.F.);
#484=ORIENTED_EDGE('',*,*,#597,.F.);
#485=ORIENTED_EDGE('',*,*,#651,.F.);
#486=ORIENTED_EDGE('',*,*,#791,.T.);
#487=ORIENTED_EDGE('',*,*,#655,.F.);
#488=ORIENTED_EDGE('',*,*,#603,.F.);
#489=ORIENTED_EDGE('',*,*,#654,.F.);
#490=ORIENTED_EDGE('',*,*,#792,.T.);
#491=ORIENTED_EDGE('',*,*,#649,.F.);
#492=ORIENTED_EDGE('',*,*,#601,.F.);
#493=ORIENTED_EDGE('',*,*,#643,.F.);
#494=ORIENTED_EDGE('',*,*,#793,.T.);
#495=ORIENTED_EDGE('',*,*,#652,.F.);
#496=ORIENTED_EDGE('',*,*,#599,.F.);
#497=ORIENTED_EDGE('',*,*,#794,.F.);
#498=ORIENTED_EDGE('',*,*,#791,.F.);
#499=ORIENTED_EDGE('',*,*,#795,.F.);
#500=ORIENTED_EDGE('',*,*,#795,.T.);
#501=ORIENTED_EDGE('',*,*,#650,.F.);
#502=ORIENTED_EDGE('',*,*,#796,.F.);
#503=ORIENTED_EDGE('',*,*,#631,.F.);
#504=ORIENTED_EDGE('',*,*,#794,.T.);
#505=ORIENTED_EDGE('',*,*,#630,.F.);
#506=ORIENTED_EDGE('',*,*,#797,.F.);
#507=ORIENTED_EDGE('',*,*,#656,.F.);
#508=ORIENTED_EDGE('',*,*,#796,.T.);
#509=ORIENTED_EDGE('',*,*,#792,.F.);
#510=ORIENTED_EDGE('',*,*,#798,.F.);
#511=ORIENTED_EDGE('',*,*,#790,.F.);
#512=ORIENTED_EDGE('',*,*,#797,.T.);
#513=ORIENTED_EDGE('',*,*,#799,.F.);
#514=ORIENTED_EDGE('',*,*,#798,.T.);
#515=ORIENTED_EDGE('',*,*,#653,.F.);
#516=ORIENTED_EDGE('',*,*,#800,.F.);
#517=ORIENTED_EDGE('',*,*,#628,.F.);
#518=ORIENTED_EDGE('',*,*,#799,.T.);
#519=ORIENTED_EDGE('',*,*,#629,.F.);
#520=ORIENTED_EDGE('',*,*,#801,.F.);
#521=ORIENTED_EDGE('',*,*,#642,.F.);
#522=ORIENTED_EDGE('',*,*,#800,.T.);
#523=ORIENTED_EDGE('',*,*,#793,.F.);
#524=ORIENTED_EDGE('',*,*,#801,.T.);
#525=ORIENTED_EDGE('',*,*,#767,.T.);
#526=ORIENTED_EDGE('',*,*,#777,.T.);
#527=ORIENTED_EDGE('',*,*,#766,.T.);
#528=ORIENTED_EDGE('',*,*,#776,.T.);
#529=ORIENTED_EDGE('',*,*,#765,.T.);
#530=ORIENTED_EDGE('',*,*,#775,.T.);
#531=ORIENTED_EDGE('',*,*,#764,.T.);
#532=ORIENTED_EDGE('',*,*,#774,.T.);
#533=ORIENTED_EDGE('',*,*,#763,.T.);
#534=ORIENTED_EDGE('',*,*,#773,.T.);
#535=ORIENTED_EDGE('',*,*,#762,.T.);
#536=ORIENTED_EDGE('',*,*,#772,.T.);
#537=ORIENTED_EDGE('',*,*,#733,.F.);
#538=ORIENTED_EDGE('',*,*,#582,.F.);
#539=ORIENTED_EDGE('',*,*,#782,.F.);
#540=ORIENTED_EDGE('',*,*,#692,.F.);
#541=ORIENTED_EDGE('',*,*,#785,.F.);
#542=ORIENTED_EDGE('',*,*,#586,.F.);
#543=ORIENTED_EDGE('',*,*,#715,.F.);
#544=ORIENTED_EDGE('',*,*,#695,.F.);
#545=ORIENTED_EDGE('',*,*,#737,.F.);
#546=ORIENTED_EDGE('',*,*,#721,.F.);
#547=ORIENTED_EDGE('',*,*,#710,.F.);
#548=ORIENTED_EDGE('',*,*,#589,.F.);
#549=ORIENTED_EDGE('',*,*,#750,.F.);
#550=ORIENTED_EDGE('',*,*,#727,.F.);
#551=ORIENTED_EDGE('',*,*,#718,.F.);
#552=ORIENTED_EDGE('',*,*,#778,.F.);
#553=ORIENTED_EDGE('',*,*,#730,.F.);
#554=ORIENTED_EDGE('',*,*,#725,.F.);
#555=ORIENTED_EDGE('',*,*,#759,.F.);
#556=ORIENTED_EDGE('',*,*,#781,.F.);
#557=ORIENTED_EDGE('',*,*,#732,.F.);
#558=ORIENTED_EDGE('',*,*,#780,.F.);
#559=ORIENTED_EDGE('',*,*,#738,.F.);
#560=ORIENTED_EDGE('',*,*,#702,.F.);
#561=ORIENTED_EDGE('',*,*,#747,.F.);
#562=ORIENTED_EDGE('',*,*,#779,.F.);
#563=ORIENTED_EDGE('',*,*,#716,.F.);
#564=ORIENTED_EDGE('',*,*,#699,.F.);
#565=ORIENTED_EDGE('',*,*,#748,.F.);
#566=ORIENTED_EDGE('',*,*,#697,.F.);
#567=ORIENTED_EDGE('',*,*,#714,.F.);
#568=ORIENTED_EDGE('',*,*,#768,.F.);
#569=ORIENTED_EDGE('',*,*,#734,.F.);
#570=ORIENTED_EDGE('',*,*,#704,.F.);
#571=ORIENTED_EDGE('',*,*,#742,.F.);
#572=ORIENTED_EDGE('',*,*,#771,.F.);
#573=ORIENTED_EDGE('',*,*,#736,.F.);
#574=ORIENTED_EDGE('',*,*,#770,.F.);
#575=ORIENTED_EDGE('',*,*,#760,.F.);
#576=ORIENTED_EDGE('',*,*,#723,.F.);
#577=ORIENTED_EDGE('',*,*,#754,.F.);
#578=ORIENTED_EDGE('',*,*,#769,.F.);
#579=ORIENTED_EDGE('',*,*,#712,.F.);
#580=ORIENTED_EDGE('',*,*,#729,.F.);
#581=EDGE_CURVE('',#802,#803,#960,.T.);
#582=EDGE_CURVE('',#802,#804,#961,.F.);
#583=EDGE_CURVE('',#804,#805,#962,.T.);
#584=EDGE_CURVE('',#805,#806,#963,.T.);
#585=EDGE_CURVE('',#807,#806,#964,.T.);
#586=EDGE_CURVE('',#807,#808,#965,.F.);
#587=EDGE_CURVE('',#808,#809,#966,.T.);
#588=EDGE_CURVE('',#803,#809,#967,.T.);
#589=EDGE_CURVE('',#810,#811,#968,.T.);
#590=EDGE_CURVE('',#812,#811,#969,.T.);
#591=EDGE_CURVE('',#813,#812,#970,.T.);
#592=EDGE_CURVE('',#813,#810,#971,.T.);
#593=EDGE_CURVE('',#814,#814,#57,.T.);
#594=EDGE_CURVE('',#815,#815,#58,.T.);
#595=EDGE_CURVE('',#816,#816,#59,.T.);
#596=EDGE_CURVE('',#817,#818,#972,.T.);
#597=EDGE_CURVE('',#817,#819,#60,.T.);
#598=EDGE_CURVE('',#820,#819,#973,.T.);
#599=EDGE_CURVE('',#820,#821,#61,.T.);
#600=EDGE_CURVE('',#821,#822,#974,.T.);
#601=EDGE_CURVE('',#822,#823,#62,.T.);
#602=EDGE_CURVE('',#823,#824,#975,.T.);
#603=EDGE_CURVE('',#824,#818,#63,.T.);
#604=EDGE_CURVE('',#825,#826,#976,.T.);
#605=EDGE_CURVE('',#825,#827,#977,.T.);
#606=EDGE_CURVE('',#827,#828,#978,.T.);
#607=EDGE_CURVE('',#826,#828,#979,.T.);
#608=EDGE_CURVE('',#829,#830,#980,.T.);
#609=EDGE_CURVE('',#830,#831,#981,.T.);
#610=EDGE_CURVE('',#832,#831,#982,.T.);
#611=EDGE_CURVE('',#829,#832,#983,.T.);
#612=EDGE_CURVE('',#833,#834,#984,.T.);
#613=EDGE_CURVE('',#833,#835,#985,.T.);
#614=EDGE_CURVE('',#835,#836,#986,.T.);
#615=EDGE_CURVE('',#834,#836,#987,.T.);
#616=EDGE_CURVE('',#837,#838,#988,.T.);
#617=EDGE_CURVE('',#839,#837,#989,.T.);
#618=EDGE_CURVE('',#839,#840,#990,.T.);
#619=EDGE_CURVE('',#840,#841,#991,.T.);
#620=EDGE_CURVE('',#842,#841,#992,.T.);
#621=EDGE_CURVE('',#843,#842,#993,.T.);
#622=EDGE_CURVE('',#843,#844,#994,.T.);
#623=EDGE_CURVE('',#845,#844,#995,.T.);
#624=EDGE_CURVE('',#846,#845,#996,.T.);
#625=EDGE_CURVE('',#847,#846,#997,.T.);
#626=EDGE_CURVE('',#847,#848,#998,.T.);
#627=EDGE_CURVE('',#838,#848,#999,.T.);
#628=EDGE_CURVE('',#849,#850,#1000,.F.);
#629=EDGE_CURVE('',#850,#851,#1001,.T.);
#630=EDGE_CURVE('',#851,#852,#1002,.T.);
#631=EDGE_CURVE('',#852,#849,#1003,.F.);
#632=EDGE_CURVE('',#853,#854,#1004,.T.);
#633=EDGE_CURVE('',#855,#853,#1005,.T.);
#634=EDGE_CURVE('',#855,#856,#1006,.T.);
#635=EDGE_CURVE('',#856,#854,#1007,.T.);
#636=EDGE_CURVE('',#857,#857,#64,.T.);
#637=EDGE_CURVE('',#858,#858,#65,.T.);
#638=EDGE_CURVE('',#859,#859,#66,.T.);
#639=EDGE_CURVE('',#860,#860,#67,.T.);
#640=EDGE_CURVE('',#861,#861,#68,.T.);
#641=EDGE_CURVE('',#819,#862,#1008,.T.);
#642=EDGE_CURVE('',#862,#863,#1009,.F.);
#643=EDGE_CURVE('',#863,#820,#1010,.F.);
#644=EDGE_CURVE('',#864,#864,#69,.T.);
#645=EDGE_CURVE('',#865,#865,#70,.T.);
#646=EDGE_CURVE('',#866,#866,#71,.T.);
#647=EDGE_CURVE('',#867,#867,#72,.T.);
#648=EDGE_CURVE('',#868,#868,#73,.T.);
#649=EDGE_CURVE('',#823,#869,#1011,.T.);
#650=EDGE_CURVE('',#869,#870,#1012,.T.);
#651=EDGE_CURVE('',#870,#824,#1013,.F.);
#652=EDGE_CURVE('',#821,#871,#1014,.T.);
#653=EDGE_CURVE('',#871,#872,#1015,.T.);
#654=EDGE_CURVE('',#872,#822,#1016,.F.);
#655=EDGE_CURVE('',#818,#873,#1017,.T.);
#656=EDGE_CURVE('',#873,#874,#1018,.F.);
#657=EDGE_CURVE('',#874,#817,#1019,.F.);
#658=EDGE_CURVE('',#875,#875,#74,.T.);
#659=EDGE_CURVE('',#876,#876,#75,.T.);
#660=EDGE_CURVE('',#877,#877,#76,.T.);
#661=EDGE_CURVE('',#878,#878,#77,.T.);
#662=EDGE_CURVE('',#879,#879,#78,.T.);
#663=EDGE_CURVE('',#840,#853,#1020,.T.);
#664=EDGE_CURVE('',#839,#855,#1021,.T.);
#665=EDGE_CURVE('',#880,#880,#79,.T.);
#666=EDGE_CURVE('',#881,#881,#80,.T.);
#667=EDGE_CURVE('',#882,#882,#81,.T.);
#668=EDGE_CURVE('',#883,#883,#82,.T.);
#669=EDGE_CURVE('',#884,#884,#83,.T.);
#670=EDGE_CURVE('',#841,#854,#1022,.T.);
#671=EDGE_CURVE('',#842,#856,#1023,.T.);
#672=EDGE_CURVE('',#837,#829,#1024,.T.);
#673=EDGE_CURVE('',#847,#832,#1025,.T.);
#674=EDGE_CURVE('',#846,#825,#1026,.T.);
#675=EDGE_CURVE('',#843,#826,#1027,.T.);
#676=EDGE_CURVE('',#885,#885,#84,.T.);
#677=EDGE_CURVE('',#886,#886,#85,.T.);
#678=EDGE_CURVE('',#887,#887,#86,.T.);
#679=EDGE_CURVE('',#888,#888,#87,.T.);
#680=EDGE_CURVE('',#889,#889,#88,.T.);
#681=EDGE_CURVE('',#890,#890,#89,.T.);
#682=EDGE_CURVE('',#891,#891,#90,.T.);
#683=EDGE_CURVE('',#892,#892,#91,.T.);
#684=EDGE_CURVE('',#893,#893,#92,.T.);
#685=EDGE_CURVE('',#894,#895,#1028,.T.);
#686=EDGE_CURVE('',#895,#896,#1029,.T.);
#687=EDGE_CURVE('',#897,#896,#1030,.T.);
#688=EDGE_CURVE('',#894,#897,#1031,.T.);
#689=EDGE_CURVE('',#897,#805,#1032,.T.);
#690=EDGE_CURVE('',#896,#806,#1033,.T.);
#691=EDGE_CURVE('',#898,#899,#1034,.T.);
#692=EDGE_CURVE('',#899,#900,#1035,.T.);
#693=EDGE_CURVE('',#833,#900,#1036,.T.);
#694=EDGE_CURVE('',#834,#901,#1037,.T.);
#695=EDGE_CURVE('',#901,#902,#1038,.T.);
#696=EDGE_CURVE('',#903,#902,#1039,.T.);
#697=EDGE_CURVE('',#903,#904,#1040,.F.);
#698=EDGE_CURVE('',#904,#905,#1041,.T.);
#699=EDGE_CURVE('',#905,#906,#1042,.T.);
#700=EDGE_CURVE('',#895,#906,#1043,.T.);
#701=EDGE_CURVE('',#894,#907,#1044,.T.);
#702=EDGE_CURVE('',#907,#908,#1045,.T.);
#703=EDGE_CURVE('',#909,#908,#1046,.T.);
#704=EDGE_CURVE('',#909,#898,#1047,.F.);
#705=EDGE_CURVE('',#910,#911,#1048,.T.);
#706=EDGE_CURVE('',#910,#912,#1049,.T.);
#707=EDGE_CURVE('',#912,#913,#1050,.T.);
#708=EDGE_CURVE('',#911,#913,#1051,.T.);
#709=EDGE_CURVE('',#912,#812,#1052,.T.);
#710=EDGE_CURVE('',#811,#914,#93,.T.);
#711=EDGE_CURVE('',#915,#914,#1053,.T.);
#712=EDGE_CURVE('',#915,#916,#94,.T.);
#713=EDGE_CURVE('',#916,#917,#1054,.T.);
#714=EDGE_CURVE('',#917,#903,#95,.T.);
#715=EDGE_CURVE('',#902,#807,#96,.T.);
#716=EDGE_CURVE('',#906,#918,#97,.T.);
#717=EDGE_CURVE('',#919,#918,#1055,.T.);
#718=EDGE_CURVE('',#919,#920,#98,.T.);
#719=EDGE_CURVE('',#913,#920,#1056,.T.);
#720=EDGE_CURVE('',#910,#813,#1057,.T.);
#721=EDGE_CURVE('',#914,#921,#1058,.F.);
#722=EDGE_CURVE('',#922,#921,#1059,.T.);
#723=EDGE_CURVE('',#922,#923,#1060,.T.);
#724=EDGE_CURVE('',#923,#924,#1061,.T.);
#725=EDGE_CURVE('',#924,#925,#1062,.F.);
#726=EDGE_CURVE('',#911,#925,#1063,.T.);
#727=EDGE_CURVE('',#920,#926,#1064,.F.);
#728=EDGE_CURVE('',#927,#926,#1065,.T.);
#729=EDGE_CURVE('',#927,#915,#1066,.T.);
#730=EDGE_CURVE('',#925,#928,#99,.F.);
#731=EDGE_CURVE('',#928,#929,#1067,.T.);
#732=EDGE_CURVE('',#929,#907,#100,.F.);
#733=EDGE_CURVE('',#804,#899,#101,.F.);
#734=EDGE_CURVE('',#898,#930,#102,.F.);
#735=EDGE_CURVE('',#931,#930,#1068,.T.);
#736=EDGE_CURVE('',#931,#922,#103,.F.);
#737=EDGE_CURVE('',#921,#810,#104,.F.);
#738=EDGE_CURVE('',#908,#932,#105,.T.);
#739=EDGE_CURVE('',#932,#933,#1069,.T.);
#740=EDGE_CURVE('',#934,#933,#1070,.T.);
#741=EDGE_CURVE('',#935,#934,#1071,.T.);
#742=EDGE_CURVE('',#935,#909,#106,.T.);
#743=EDGE_CURVE('',#933,#936,#1072,.T.);
#744=EDGE_CURVE('',#937,#936,#1073,.T.);
#745=EDGE_CURVE('',#934,#937,#1074,.T.);
#746=EDGE_CURVE('',#938,#936,#1075,.T.);
#747=EDGE_CURVE('',#938,#905,#107,.F.);
#748=EDGE_CURVE('',#904,#939,#108,.F.);
#749=EDGE_CURVE('',#939,#937,#1076,.T.);
#750=EDGE_CURVE('',#926,#940,#109,.T.);
#751=EDGE_CURVE('',#940,#941,#1077,.T.);
#752=EDGE_CURVE('',#942,#941,#1078,.T.);
#753=EDGE_CURVE('',#943,#942,#1079,.T.);
#754=EDGE_CURVE('',#943,#927,#110,.T.);
#755=EDGE_CURVE('',#944,#941,#1080,.T.);
#756=EDGE_CURVE('',#945,#944,#1081,.T.);
#757=EDGE_CURVE('',#945,#942,#1082,.T.);
#758=EDGE_CURVE('',#946,#944,#1083,.T.);
#759=EDGE_CURVE('',#946,#924,#111,.F.);
#760=EDGE_CURVE('',#923,#947,#112,.F.);
#761=EDGE_CURVE('',#947,#945,#1084,.T.);
#762=EDGE_CURVE('',#948,#948,#113,.T.);
#763=EDGE_CURVE('',#949,#949,#114,.T.);
#764=EDGE_CURVE('',#950,#950,#115,.T.);
#765=EDGE_CURVE('',#951,#951,#116,.T.);
#766=EDGE_CURVE('',#952,#952,#117,.T.);
#767=EDGE_CURVE('',#953,#953,#118,.T.);
#768=EDGE_CURVE('',#939,#917,#1085,.T.);
#769=EDGE_CURVE('',#916,#943,#1086,.F.);
#770=EDGE_CURVE('',#947,#931,#1087,.F.);
#771=EDGE_CURVE('',#930,#935,#1088,.T.);
#772=EDGE_CURVE('',#954,#954,#119,.T.);
#773=EDGE_CURVE('',#955,#955,#120,.T.);
#774=EDGE_CURVE('',#956,#956,#121,.T.);
#775=EDGE_CURVE('',#957,#957,#122,.T.);
#776=EDGE_CURVE('',#958,#958,#123,.T.);
#777=EDGE_CURVE('',#959,#959,#124,.T.);
#778=EDGE_CURVE('',#940,#919,#1089,.T.);
#779=EDGE_CURVE('',#918,#938,#1090,.F.);
#780=EDGE_CURVE('',#932,#929,#1091,.F.);
#781=EDGE_CURVE('',#928,#946,#1092,.T.);
#782=EDGE_CURVE('',#900,#802,#125,.T.);
#783=EDGE_CURVE('',#835,#803,#1093,.T.);
#784=EDGE_CURVE('',#836,#809,#1094,.T.);
#785=EDGE_CURVE('',#808,#901,#126,.F.);
#786=EDGE_CURVE('',#845,#827,#1095,.T.);
#787=EDGE_CURVE('',#844,#828,#1096,.T.);
#788=EDGE_CURVE('',#848,#831,#1097,.T.);
#789=EDGE_CURVE('',#838,#830,#1098,.T.);
#790=EDGE_CURVE('',#874,#862,#127,.F.);
#791=EDGE_CURVE('',#870,#873,#128,.T.);
#792=EDGE_CURVE('',#872,#869,#129,.F.);
#793=EDGE_CURVE('',#863,#871,#130,.T.);
#794=EDGE_CURVE('',#873,#852,#131,.T.);
#795=EDGE_CURVE('',#852,#870,#132,.T.);
#796=EDGE_CURVE('',#849,#869,#133,.T.);
#797=EDGE_CURVE('',#874,#851,#134,.T.);
#798=EDGE_CURVE('',#849,#872,#135,.T.);
#799=EDGE_CURVE('',#862,#851,#136,.T.);
#800=EDGE_CURVE('',#850,#871,#137,.T.);
#801=EDGE_CURVE('',#863,#850,#138,.T.);
#802=VERTEX_POINT('',#2337);
#803=VERTEX_POINT('',#2338);
#804=VERTEX_POINT('',#2340);
#805=VERTEX_POINT('',#2342);
#806=VERTEX_POINT('',#2344);
#807=VERTEX_POINT('',#2346);
#808=VERTEX_POINT('',#2348);
#809=VERTEX_POINT('',#2350);
#810=VERTEX_POINT('',#2353);
#811=VERTEX_POINT('',#2354);
#812=VERTEX_POINT('',#2356);
#813=VERTEX_POINT('',#2358);
#814=VERTEX_POINT('',#2361);
#815=VERTEX_POINT('',#2363);
#816=VERTEX_POINT('',#2365);
#817=VERTEX_POINT('',#2367);
#818=VERTEX_POINT('',#2368);
#819=VERTEX_POINT('',#2370);
#820=VERTEX_POINT('',#2372);
#821=VERTEX_POINT('',#2374);
#822=VERTEX_POINT('',#2376);
#823=VERTEX_POINT('',#2378);
#824=VERTEX_POINT('',#2380);
#825=VERTEX_POINT('',#2383);
#826=VERTEX_POINT('',#2384);
#827=VERTEX_POINT('',#2386);
#828=VERTEX_POINT('',#2388);
#829=VERTEX_POINT('',#2391);
#830=VERTEX_POINT('',#2392);
#831=VERTEX_POINT('',#2394);
#832=VERTEX_POINT('',#2396);
#833=VERTEX_POINT('',#2400);
#834=VERTEX_POINT('',#2401);
#835=VERTEX_POINT('',#2403);
#836=VERTEX_POINT('',#2405);
#837=VERTEX_POINT('',#2408);
#838=VERTEX_POINT('',#2409);
#839=VERTEX_POINT('',#2411);
#840=VERTEX_POINT('',#2413);
#841=VERTEX_POINT('',#2415);
#842=VERTEX_POINT('',#2417);
#843=VERTEX_POINT('',#2419);
#844=VERTEX_POINT('',#2421);
#845=VERTEX_POINT('',#2423);
#846=VERTEX_POINT('',#2425);
#847=VERTEX_POINT('',#2427);
#848=VERTEX_POINT('',#2429);
#849=VERTEX_POINT('',#2433);
#850=VERTEX_POINT('',#2434);
#851=VERTEX_POINT('',#2436);
#852=VERTEX_POINT('',#2438);
#853=VERTEX_POINT('',#2441);
#854=VERTEX_POINT('',#2442);
#855=VERTEX_POINT('',#2444);
#856=VERTEX_POINT('',#2446);
#857=VERTEX_POINT('',#2450);
#858=VERTEX_POINT('',#2452);
#859=VERTEX_POINT('',#2454);
#860=VERTEX_POINT('',#2456);
#861=VERTEX_POINT('',#2458);
#862=VERTEX_POINT('',#2460);
#863=VERTEX_POINT('',#2462);
#864=VERTEX_POINT('',#2466);
#865=VERTEX_POINT('',#2468);
#866=VERTEX_POINT('',#2470);
#867=VERTEX_POINT('',#2472);
#868=VERTEX_POINT('',#2474);
#869=VERTEX_POINT('',#2476);
#870=VERTEX_POINT('',#2478);
#871=VERTEX_POINT('',#2482);
#872=VERTEX_POINT('',#2484);
#873=VERTEX_POINT('',#2488);
#874=VERTEX_POINT('',#2490);
#875=VERTEX_POINT('',#2494);
#876=VERTEX_POINT('',#2496);
#877=VERTEX_POINT('',#2498);
#878=VERTEX_POINT('',#2500);
#879=VERTEX_POINT('',#2502);
#880=VERTEX_POINT('',#2507);
#881=VERTEX_POINT('',#2509);
#882=VERTEX_POINT('',#2511);
#883=VERTEX_POINT('',#2513);
#884=VERTEX_POINT('',#2515);
#885=VERTEX_POINT('',#2536);
#886=VERTEX_POINT('',#2539);
#887=VERTEX_POINT('',#2542);
#888=VERTEX_POINT('',#2545);
#889=VERTEX_POINT('',#2548);
#890=VERTEX_POINT('',#2551);
#891=VERTEX_POINT('',#2554);
#892=VERTEX_POINT('',#2558);
#893=VERTEX_POINT('',#2562);
#894=VERTEX_POINT('',#2566);
#895=VERTEX_POINT('',#2567);
#896=VERTEX_POINT('',#2569);
#897=VERTEX_POINT('',#2571);
#898=VERTEX_POINT('',#2578);
#899=VERTEX_POINT('',#2579);
#900=VERTEX_POINT('',#2581);
#901=VERTEX_POINT('',#2584);
#902=VERTEX_POINT('',#2586);
#903=VERTEX_POINT('',#2588);
#904=VERTEX_POINT('',#2590);
#905=VERTEX_POINT('',#2592);
#906=VERTEX_POINT('',#2594);
#907=VERTEX_POINT('',#2597);
#908=VERTEX_POINT('',#2599);
#909=VERTEX_POINT('',#2601);
#910=VERTEX_POINT('',#2605);
#911=VERTEX_POINT('',#2606);
#912=VERTEX_POINT('',#2608);
#913=VERTEX_POINT('',#2610);
#914=VERTEX_POINT('',#2615);
#915=VERTEX_POINT('',#2617);
#916=VERTEX_POINT('',#2619);
#917=VERTEX_POINT('',#2621);
#918=VERTEX_POINT('',#2625);
#919=VERTEX_POINT('',#2627);
#920=VERTEX_POINT('',#2629);
#921=VERTEX_POINT('',#2635);
#922=VERTEX_POINT('',#2637);
#923=VERTEX_POINT('',#2639);
#924=VERTEX_POINT('',#2641);
#925=VERTEX_POINT('',#2643);
#926=VERTEX_POINT('',#2646);
#927=VERTEX_POINT('',#2648);
#928=VERTEX_POINT('',#2652);
#929=VERTEX_POINT('',#2654);
#930=VERTEX_POINT('',#2658);
#931=VERTEX_POINT('',#2660);
#932=VERTEX_POINT('',#2665);
#933=VERTEX_POINT('',#2667);
#934=VERTEX_POINT('',#2669);
#935=VERTEX_POINT('',#2671);
#936=VERTEX_POINT('',#2675);
#937=VERTEX_POINT('',#2677);
#938=VERTEX_POINT('',#2681);
#939=VERTEX_POINT('',#2684);
#940=VERTEX_POINT('',#2688);
#941=VERTEX_POINT('',#2690);
#942=VERTEX_POINT('',#2692);
#943=VERTEX_POINT('',#2694);
#944=VERTEX_POINT('',#2698);
#945=VERTEX_POINT('',#2700);
#946=VERTEX_POINT('',#2704);
#947=VERTEX_POINT('',#2707);
#948=VERTEX_POINT('',#2711);
#949=VERTEX_POINT('',#2713);
#950=VERTEX_POINT('',#2715);
#951=VERTEX_POINT('',#2717);
#952=VERTEX_POINT('',#2719);
#953=VERTEX_POINT('',#2721);
#954=VERTEX_POINT('',#2728);
#955=VERTEX_POINT('',#2730);
#956=VERTEX_POINT('',#2732);
#957=VERTEX_POINT('',#2734);
#958=VERTEX_POINT('',#2736);
#959=VERTEX_POINT('',#2738);
#960=LINE('',#2336,#1099);
#961=LINE('',#2339,#1100);
#962=LINE('',#2341,#1101);
#963=LINE('',#2343,#1102);
#964=LINE('',#2345,#1103);
#965=LINE('',#2347,#1104);
#966=LINE('',#2349,#1105);
#967=LINE('',#2351,#1106);
#968=LINE('',#2352,#1107);
#969=LINE('',#2355,#1108);
#970=LINE('',#2357,#1109);
#971=LINE('',#2359,#1110);
#972=LINE('',#2366,#1111);
#973=LINE('',#2371,#1112);
#974=LINE('',#2375,#1113);
#975=LINE('',#2379,#1114);
#976=LINE('',#2382,#1115);
#977=LINE('',#2385,#1116);
#978=LINE('',#2387,#1117);
#979=LINE('',#2389,#1118);
#980=LINE('',#2390,#1119);
#981=LINE('',#2393,#1120);
#982=LINE('',#2395,#1121);
#983=LINE('',#2397,#1122);
#984=LINE('',#2399,#1123);
#985=LINE('',#2402,#1124);
#986=LINE('',#2404,#1125);
#987=LINE('',#2406,#1126);
#988=LINE('',#2407,#1127);
#989=LINE('',#2410,#1128);
#990=LINE('',#2412,#1129);
#991=LINE('',#2414,#1130);
#992=LINE('',#2416,#1131);
#993=LINE('',#2418,#1132);
#994=LINE('',#2420,#1133);
#995=LINE('',#2422,#1134);
#996=LINE('',#2424,#1135);
#997=LINE('',#2426,#1136);
#998=LINE('',#2428,#1137);
#999=LINE('',#2430,#1138);
#1000=LINE('',#2432,#1139);
#1001=LINE('',#2435,#1140);
#1002=LINE('',#2437,#1141);
#1003=LINE('',#2439,#1142);
#1004=LINE('',#2440,#1143);
#1005=LINE('',#2443,#1144);
#1006=LINE('',#2445,#1145);
#1007=LINE('',#2447,#1146);
#1008=LINE('',#2459,#1147);
#1009=LINE('',#2461,#1148);
#1010=LINE('',#2463,#1149);
#1011=LINE('',#2475,#1150);
#1012=LINE('',#2477,#1151);
#1013=LINE('',#2479,#1152);
#1014=LINE('',#2481,#1153);
#1015=LINE('',#2483,#1154);
#1016=LINE('',#2485,#1155);
#1017=LINE('',#2487,#1156);
#1018=LINE('',#2489,#1157);
#1019=LINE('',#2491,#1158);
#1020=LINE('',#2503,#1159);
#1021=LINE('',#2504,#1160);
#1022=LINE('',#2516,#1161);
#1023=LINE('',#2517,#1162);
#1024=LINE('',#2519,#1163);
#1025=LINE('',#2520,#1164);
#1026=LINE('',#2521,#1165);
#1027=LINE('',#2522,#1166);
#1028=LINE('',#2565,#1167);
#1029=LINE('',#2568,#1168);
#1030=LINE('',#2570,#1169);
#1031=LINE('',#2572,#1170);
#1032=LINE('',#2574,#1171);
#1033=LINE('',#2575,#1172);
#1034=LINE('',#2577,#1173);
#1035=LINE('',#2580,#1174);
#1036=LINE('',#2582,#1175);
#1037=LINE('',#2583,#1176);
#1038=LINE('',#2585,#1177);
#1039=LINE('',#2587,#1178);
#1040=LINE('',#2589,#1179);
#1041=LINE('',#2591,#1180);
#1042=LINE('',#2593,#1181);
#1043=LINE('',#2595,#1182);
#1044=LINE('',#2596,#1183);
#1045=LINE('',#2598,#1184);
#1046=LINE('',#2600,#1185);
#1047=LINE('',#2602,#1186);
#1048=LINE('',#2604,#1187);
#1049=LINE('',#2607,#1188);
#1050=LINE('',#2609,#1189);
#1051=LINE('',#2611,#1190);
#1052=LINE('',#2613,#1191);
#1053=LINE('',#2616,#1192);
#1054=LINE('',#2620,#1193);
#1055=LINE('',#2626,#1194);
#1056=LINE('',#2630,#1195);
#1057=LINE('',#2632,#1196);
#1058=LINE('',#2634,#1197);
#1059=LINE('',#2636,#1198);
#1060=LINE('',#2638,#1199);
#1061=LINE('',#2640,#1200);
#1062=LINE('',#2642,#1201);
#1063=LINE('',#2644,#1202);
#1064=LINE('',#2645,#1203);
#1065=LINE('',#2647,#1204);
#1066=LINE('',#2649,#1205);
#1067=LINE('',#2653,#1206);
#1068=LINE('',#2659,#1207);
#1069=LINE('',#2666,#1208);
#1070=LINE('',#2668,#1209);
#1071=LINE('',#2670,#1210);
#1072=LINE('',#2674,#1211);
#1073=LINE('',#2676,#1212);
#1074=LINE('',#2678,#1213);
#1075=LINE('',#2680,#1214);
#1076=LINE('',#2685,#1215);
#1077=LINE('',#2689,#1216);
#1078=LINE('',#2691,#1217);
#1079=LINE('',#2693,#1218);
#1080=LINE('',#2697,#1219);
#1081=LINE('',#2699,#1220);
#1082=LINE('',#2701,#1221);
#1083=LINE('',#2703,#1222);
#1084=LINE('',#2708,#1223);
#1085=LINE('',#2722,#1224);
#1086=LINE('',#2723,#1225);
#1087=LINE('',#2724,#1226);
#1088=LINE('',#2725,#1227);
#1089=LINE('',#2739,#1228);
#1090=LINE('',#2740,#1229);
#1091=LINE('',#2741,#1230);
#1092=LINE('',#2742,#1231);
#1093=LINE('',#2745,#1232);
#1094=LINE('',#2747,#1233);
#1095=LINE('',#2751,#1234);
#1096=LINE('',#2753,#1235);
#1097=LINE('',#2756,#1236);
#1098=LINE('',#2757,#1237);
#1099=VECTOR('',#1859,1.);
#1100=VECTOR('',#1860,1.);
#1101=VECTOR('',#1861,1.);
#1102=VECTOR('',#1862,1.);
#1103=VECTOR('',#1863,1.);
#1104=VECTOR('',#1864,1.);
#1105=VECTOR('',#1865,1.);
#1106=VECTOR('',#1866,1.);
#1107=VECTOR('',#1867,1.);
#1108=VECTOR('',#1868,1.);
#1109=VECTOR('',#1869,1.);
#1110=VECTOR('',#1870,1.);
#1111=VECTOR('',#1877,1.);
#1112=VECTOR('',#1880,1.);
#1113=VECTOR('',#1883,1.);
#1114=VECTOR('',#1886,1.);
#1115=VECTOR('',#1889,1.);
#1116=VECTOR('',#1890,1.);
#1117=VECTOR('',#1891,1.);
#1118=VECTOR('',#1892,1.);
#1119=VECTOR('',#1893,1.);
#1120=VECTOR('',#1894,1.);
#1121=VECTOR('',#1895,1.);
#1122=VECTOR('',#1896,1.);
#1123=VECTOR('',#1899,1.);
#1124=VECTOR('',#1900,1.);
#1125=VECTOR('',#1901,1.);
#1126=VECTOR('',#1902,1.);
#1127=VECTOR('',#1903,1.);
#1128=VECTOR('',#1904,1.);
#1129=VECTOR('',#1905,1.);
#1130=VECTOR('',#1906,1.);
#1131=VECTOR('',#1907,1.);
#1132=VECTOR('',#1908,1.);
#1133=VECTOR('',#1909,1.);
#1134=VECTOR('',#1910,1.);
#1135=VECTOR('',#1911,1.);
#1136=VECTOR('',#1912,1.);
#1137=VECTOR('',#1913,1.);
#1138=VECTOR('',#1914,1.);
#1139=VECTOR('',#1917,1.);
#1140=VECTOR('',#1918,1.);
#1141=VECTOR('',#1919,1.);
#1142=VECTOR('',#1920,1.);
#1143=VECTOR('',#1921,1.);
#1144=VECTOR('',#1922,1.);
#1145=VECTOR('',#1923,1.);
#1146=VECTOR('',#1924,1.);
#1147=VECTOR('',#1937,1.);
#1148=VECTOR('',#1938,1.);
#1149=VECTOR('',#1939,1.);
#1150=VECTOR('',#1952,1.);
#1151=VECTOR('',#1953,1.);
#1152=VECTOR('',#1954,1.);
#1153=VECTOR('',#1957,1.);
#1154=VECTOR('',#1958,1.);
#1155=VECTOR('',#1959,1.);
#1156=VECTOR('',#1962,1.);
#1157=VECTOR('',#1963,1.);
#1158=VECTOR('',#1964,1.);
#1159=VECTOR('',#1977,1.);
#1160=VECTOR('',#1978,1.);
#1161=VECTOR('',#1991,1.);
#1162=VECTOR('',#1992,1.);
#1163=VECTOR('',#1995,1.);
#1164=VECTOR('',#1996,1.);
#1165=VECTOR('',#1997,1.);
#1166=VECTOR('',#1998,1.);
#1167=VECTOR('',#2065,1.);
#1168=VECTOR('',#2066,1.);
#1169=VECTOR('',#2067,1.);
#1170=VECTOR('',#2068,1.);
#1171=VECTOR('',#2071,1.);
#1172=VECTOR('',#2072,1.);
#1173=VECTOR('',#2075,1.);
#1174=VECTOR('',#2076,1.);
#1175=VECTOR('',#2077,1.);
#1176=VECTOR('',#2078,1.);
#1177=VECTOR('',#2079,1.);
#1178=VECTOR('',#2080,1.);
#1179=VECTOR('',#2081,1.);
#1180=VECTOR('',#2082,1.);
#1181=VECTOR('',#2083,1.);
#1182=VECTOR('',#2084,1.);
#1183=VECTOR('',#2085,1.);
#1184=VECTOR('',#2086,1.);
#1185=VECTOR('',#2087,1.);
#1186=VECTOR('',#2088,1.);
#1187=VECTOR('',#2091,1.);
#1188=VECTOR('',#2092,1.);
#1189=VECTOR('',#2093,1.);
#1190=VECTOR('',#2094,1.);
#1191=VECTOR('',#2097,1.);
#1192=VECTOR('',#2100,1.);
#1193=VECTOR('',#2103,1.);
#1194=VECTOR('',#2110,1.);
#1195=VECTOR('',#2113,1.);
#1196=VECTOR('',#2116,1.);
#1197=VECTOR('',#2119,1.);
#1198=VECTOR('',#2120,1.);
#1199=VECTOR('',#2121,1.);
#1200=VECTOR('',#2122,1.);
#1201=VECTOR('',#2123,1.);
#1202=VECTOR('',#2124,1.);
#1203=VECTOR('',#2125,1.);
#1204=VECTOR('',#2126,1.);
#1205=VECTOR('',#2127,1.);
#1206=VECTOR('',#2132,1.);
#1207=VECTOR('',#2139,1.);
#1208=VECTOR('',#2148,1.);
#1209=VECTOR('',#2149,1.);
#1210=VECTOR('',#2150,1.);
#1211=VECTOR('',#2155,1.);
#1212=VECTOR('',#2156,1.);
#1213=VECTOR('',#2157,1.);
#1214=VECTOR('',#2160,1.);
#1215=VECTOR('',#2165,1.);
#1216=VECTOR('',#2170,1.);
#1217=VECTOR('',#2171,1.);
#1218=VECTOR('',#2172,1.);
#1219=VECTOR('',#2177,1.);
#1220=VECTOR('',#2178,1.);
#1221=VECTOR('',#2179,1.);
#1222=VECTOR('',#2182,1.);
#1223=VECTOR('',#2187,1.);
#1224=VECTOR('',#2202,1.);
#1225=VECTOR('',#2203,1.);
#1226=VECTOR('',#2204,1.);
#1227=VECTOR('',#2205,1.);
#1228=VECTOR('',#2220,1.);
#1229=VECTOR('',#2221,1.);
#1230=VECTOR('',#2222,1.);
#1231=VECTOR('',#2223,1.);
#1232=VECTOR('',#2228,1.);
#1233=VECTOR('',#2231,1.);
#1234=VECTOR('',#2238,1.);
#1235=VECTOR('',#2241,1.);
#1236=VECTOR('',#2246,1.);
#1237=VECTOR('',#2247,1.);
#1238=EDGE_LOOP('',(#139,#140,#141,#142,#143,#144,#145,#146));
#1239=EDGE_LOOP('',(#147,#148,#149,#150));
#1240=EDGE_LOOP('',(#151));
#1241=EDGE_LOOP('',(#152));
#1242=EDGE_LOOP('',(#153));
#1243=EDGE_LOOP('',(#154,#155,#156,#157,#158,#159,#160,#161));
#1244=EDGE_LOOP('',(#162,#163,#164,#165));
#1245=EDGE_LOOP('',(#166,#167,#168,#169));
#1246=EDGE_LOOP('',(#170,#171,#172,#173));
#1247=EDGE_LOOP('',(#174,#175,#176,#177,#178,#179,#180,#181,#182,#183,#184,
#185));
#1248=EDGE_LOOP('',(#186,#187,#188,#189));
#1249=EDGE_LOOP('',(#190,#191,#192,#193));
#1250=EDGE_LOOP('',(#194));
#1251=EDGE_LOOP('',(#195));
#1252=EDGE_LOOP('',(#196));
#1253=EDGE_LOOP('',(#197));
#1254=EDGE_LOOP('',(#198));
#1255=EDGE_LOOP('',(#199,#200,#201,#202));
#1256=EDGE_LOOP('',(#203));
#1257=EDGE_LOOP('',(#204));
#1258=EDGE_LOOP('',(#205));
#1259=EDGE_LOOP('',(#206));
#1260=EDGE_LOOP('',(#207));
#1261=EDGE_LOOP('',(#208,#209,#210,#211));
#1262=EDGE_LOOP('',(#212,#213,#214,#215));
#1263=EDGE_LOOP('',(#216,#217,#218,#219));
#1264=EDGE_LOOP('',(#220));
#1265=EDGE_LOOP('',(#221));
#1266=EDGE_LOOP('',(#222));
#1267=EDGE_LOOP('',(#223));
#1268=EDGE_LOOP('',(#224));
#1269=EDGE_LOOP('',(#225,#226,#227,#228));
#1270=EDGE_LOOP('',(#229));
#1271=EDGE_LOOP('',(#230));
#1272=EDGE_LOOP('',(#231));
#1273=EDGE_LOOP('',(#232));
#1274=EDGE_LOOP('',(#233));
#1275=EDGE_LOOP('',(#234,#235,#236,#237));
#1276=EDGE_LOOP('',(#238,#239,#240,#241,#242,#243,#244,#245,#246,#247,#248,
#249));
#1277=EDGE_LOOP('',(#250,#251,#252,#253));
#1278=EDGE_LOOP('',(#254));
#1279=EDGE_LOOP('',(#255));
#1280=EDGE_LOOP('',(#256));
#1281=EDGE_LOOP('',(#257));
#1282=EDGE_LOOP('',(#258));
#1283=EDGE_LOOP('',(#259));
#1284=EDGE_LOOP('',(#260));
#1285=EDGE_LOOP('',(#261));
#1286=EDGE_LOOP('',(#262));
#1287=EDGE_LOOP('',(#263));
#1288=EDGE_LOOP('',(#264));
#1289=EDGE_LOOP('',(#265));
#1290=EDGE_LOOP('',(#266));
#1291=EDGE_LOOP('',(#267));
#1292=EDGE_LOOP('',(#268));
#1293=EDGE_LOOP('',(#269));
#1294=EDGE_LOOP('',(#270));
#1295=EDGE_LOOP('',(#271));
#1296=EDGE_LOOP('',(#272));
#1297=EDGE_LOOP('',(#273));
#1298=EDGE_LOOP('',(#274));
#1299=EDGE_LOOP('',(#275));
#1300=EDGE_LOOP('',(#276));
#1301=EDGE_LOOP('',(#277));
#1302=EDGE_LOOP('',(#278));
#1303=EDGE_LOOP('',(#279));
#1304=EDGE_LOOP('',(#280));
#1305=EDGE_LOOP('',(#281));
#1306=EDGE_LOOP('',(#282));
#1307=EDGE_LOOP('',(#283));
#1308=EDGE_LOOP('',(#284));
#1309=EDGE_LOOP('',(#285));
#1310=EDGE_LOOP('',(#286));
#1311=EDGE_LOOP('',(#287));
#1312=EDGE_LOOP('',(#288));
#1313=EDGE_LOOP('',(#289));
#1314=EDGE_LOOP('',(#290));
#1315=EDGE_LOOP('',(#291));
#1316=EDGE_LOOP('',(#292));
#1317=EDGE_LOOP('',(#293));
#1318=EDGE_LOOP('',(#294));
#1319=EDGE_LOOP('',(#295,#296,#297,#298));
#1320=EDGE_LOOP('',(#299,#300,#301,#302));
#1321=EDGE_LOOP('',(#303,#304,#305,#306,#307,#308,#309,#310,#311,#312,#313,
#314,#315,#316,#317,#318));
#1322=EDGE_LOOP('',(#319,#320,#321,#322));
#1323=EDGE_LOOP('',(#323,#324,#325,#326,#327,#328,#329,#330,#331,#332,#333,
#334,#335,#336,#337,#338,#339,#340));
#1324=EDGE_LOOP('',(#341,#342,#343,#344));
#1325=EDGE_LOOP('',(#345,#346,#347,#348,#349,#350,#351,#352,#353,#354,#355,
#356));
#1326=EDGE_LOOP('',(#357,#358,#359,#360,#361,#362,#363,#364,#365,#366,#367,
#368,#369,#370,#371,#372,#373,#374));
#1327=EDGE_LOOP('',(#375,#376,#377,#378,#379,#380));
#1328=EDGE_LOOP('',(#381,#382,#383,#384));
#1329=EDGE_LOOP('',(#385,#386,#387,#388,#389,#390));
#1330=EDGE_LOOP('',(#391,#392,#393,#394,#395,#396));
#1331=EDGE_LOOP('',(#397,#398,#399,#400));
#1332=EDGE_LOOP('',(#401,#402,#403,#404,#405,#406));
#1333=EDGE_LOOP('',(#407));
#1334=EDGE_LOOP('',(#408));
#1335=EDGE_LOOP('',(#409));
#1336=EDGE_LOOP('',(#410));
#1337=EDGE_LOOP('',(#411));
#1338=EDGE_LOOP('',(#412));
#1339=EDGE_LOOP('',(#413,#414,#415,#416,#417,#418,#419,#420,#421,#422,#423,
#424));
#1340=EDGE_LOOP('',(#425));
#1341=EDGE_LOOP('',(#426));
#1342=EDGE_LOOP('',(#427));
#1343=EDGE_LOOP('',(#428));
#1344=EDGE_LOOP('',(#429));
#1345=EDGE_LOOP('',(#430));
#1346=EDGE_LOOP('',(#431,#432,#433,#434,#435,#436,#437,#438,#439,#440,#441,
#442));
#1347=EDGE_LOOP('',(#443,#444,#445,#446,#447));
#1348=EDGE_LOOP('',(#448,#449,#450,#451));
#1349=EDGE_LOOP('',(#452,#453,#454,#455,#456));
#1350=EDGE_LOOP('',(#457,#458,#459,#460));
#1351=EDGE_LOOP('',(#461,#462,#463,#464));
#1352=EDGE_LOOP('',(#465,#466,#467,#468));
#1353=EDGE_LOOP('',(#469,#470,#471,#472));
#1354=EDGE_LOOP('',(#473,#474,#475,#476));
#1355=EDGE_LOOP('',(#477,#478,#479,#480));
#1356=EDGE_LOOP('',(#481,#482,#483,#484));
#1357=EDGE_LOOP('',(#485,#486,#487,#488));
#1358=EDGE_LOOP('',(#489,#490,#491,#492));
#1359=EDGE_LOOP('',(#493,#494,#495,#496));
#1360=EDGE_LOOP('',(#497,#498,#499));
#1361=EDGE_LOOP('',(#500,#501,#502,#503));
#1362=EDGE_LOOP('',(#504,#505,#506,#507));
#1363=EDGE_LOOP('',(#508,#509,#510));
#1364=EDGE_LOOP('',(#511,#512,#513));
#1365=EDGE_LOOP('',(#514,#515,#516,#517));
#1366=EDGE_LOOP('',(#518,#519,#520,#521));
#1367=EDGE_LOOP('',(#522,#523,#524));
#1368=EDGE_LOOP('',(#525));
#1369=EDGE_LOOP('',(#526));
#1370=EDGE_LOOP('',(#527));
#1371=EDGE_LOOP('',(#528));
#1372=EDGE_LOOP('',(#529));
#1373=EDGE_LOOP('',(#530));
#1374=EDGE_LOOP('',(#531));
#1375=EDGE_LOOP('',(#532));
#1376=EDGE_LOOP('',(#533));
#1377=EDGE_LOOP('',(#534));
#1378=EDGE_LOOP('',(#535));
#1379=EDGE_LOOP('',(#536));
#1380=EDGE_LOOP('',(#537,#538,#539,#540));
#1381=EDGE_LOOP('',(#541,#542,#543,#544));
#1382=EDGE_LOOP('',(#545,#546,#547,#548));
#1383=EDGE_LOOP('',(#549,#550,#551,#552));
#1384=EDGE_LOOP('',(#553,#554,#555,#556));
#1385=EDGE_LOOP('',(#557,#558,#559,#560));
#1386=EDGE_LOOP('',(#561,#562,#563,#564));
#1387=EDGE_LOOP('',(#565,#566,#567,#568));
#1388=EDGE_LOOP('',(#569,#570,#571,#572));
#1389=EDGE_LOOP('',(#573,#574,#575,#576));
#1390=EDGE_LOOP('',(#577,#578,#579,#580));
#1391=FACE_BOUND('',#1238,.T.);
#1392=FACE_BOUND('',#1239,.T.);
#1393=FACE_BOUND('',#1240,.T.);
#1394=FACE_BOUND('',#1241,.T.);
#1395=FACE_BOUND('',#1242,.T.);
#1396=FACE_BOUND('',#1243,.T.);
#1397=FACE_BOUND('',#1244,.T.);
#1398=FACE_BOUND('',#1245,.T.);
#1399=FACE_BOUND('',#1246,.T.);
#1400=FACE_BOUND('',#1247,.T.);
#1401=FACE_BOUND('',#1248,.T.);
#1402=FACE_BOUND('',#1249,.T.);
#1403=FACE_BOUND('',#1250,.T.);
#1404=FACE_BOUND('',#1251,.T.);
#1405=FACE_BOUND('',#1252,.T.);
#1406=FACE_BOUND('',#1253,.T.);
#1407=FACE_BOUND('',#1254,.T.);
#1408=FACE_BOUND('',#1255,.T.);
#1409=FACE_BOUND('',#1256,.T.);
#1410=FACE_BOUND('',#1257,.T.);
#1411=FACE_BOUND('',#1258,.T.);
#1412=FACE_BOUND('',#1259,.T.);
#1413=FACE_BOUND('',#1260,.T.);
#1414=FACE_BOUND('',#1261,.T.);
#1415=FACE_BOUND('',#1262,.T.);
#1416=FACE_BOUND('',#1263,.T.);
#1417=FACE_BOUND('',#1264,.T.);
#1418=FACE_BOUND('',#1265,.T.);
#1419=FACE_BOUND('',#1266,.T.);
#1420=FACE_BOUND('',#1267,.T.);
#1421=FACE_BOUND('',#1268,.T.);
#1422=FACE_BOUND('',#1269,.T.);
#1423=FACE_BOUND('',#1270,.T.);
#1424=FACE_BOUND('',#1271,.T.);
#1425=FACE_BOUND('',#1272,.T.);
#1426=FACE_BOUND('',#1273,.T.);
#1427=FACE_BOUND('',#1274,.T.);
#1428=FACE_BOUND('',#1275,.T.);
#1429=FACE_BOUND('',#1276,.T.);
#1430=FACE_BOUND('',#1277,.T.);
#1431=FACE_BOUND('',#1278,.T.);
#1432=FACE_BOUND('',#1279,.T.);
#1433=FACE_BOUND('',#1280,.T.);
#1434=FACE_BOUND('',#1281,.T.);
#1435=FACE_BOUND('',#1282,.T.);
#1436=FACE_BOUND('',#1283,.T.);
#1437=FACE_BOUND('',#1284,.T.);
#1438=FACE_BOUND('',#1285,.T.);
#1439=FACE_BOUND('',#1286,.T.);
#1440=FACE_BOUND('',#1287,.T.);
#1441=FACE_BOUND('',#1288,.T.);
#1442=FACE_BOUND('',#1289,.T.);
#1443=FACE_BOUND('',#1290,.T.);
#1444=FACE_BOUND('',#1291,.T.);
#1445=FACE_BOUND('',#1292,.T.);
#1446=FACE_BOUND('',#1293,.T.);
#1447=FACE_BOUND('',#1294,.T.);
#1448=FACE_BOUND('',#1295,.T.);
#1449=FACE_BOUND('',#1296,.T.);
#1450=FACE_BOUND('',#1297,.T.);
#1451=FACE_BOUND('',#1298,.T.);
#1452=FACE_BOUND('',#1299,.T.);
#1453=FACE_BOUND('',#1300,.T.);
#1454=FACE_BOUND('',#1301,.T.);
#1455=FACE_BOUND('',#1302,.T.);
#1456=FACE_BOUND('',#1303,.T.);
#1457=FACE_BOUND('',#1304,.T.);
#1458=FACE_BOUND('',#1305,.T.);
#1459=FACE_BOUND('',#1306,.T.);
#1460=FACE_BOUND('',#1307,.T.);
#1461=FACE_BOUND('',#1308,.T.);
#1462=FACE_BOUND('',#1309,.T.);
#1463=FACE_BOUND('',#1310,.T.);
#1464=FACE_BOUND('',#1311,.T.);
#1465=FACE_BOUND('',#1312,.T.);
#1466=FACE_BOUND('',#1313,.T.);
#1467=FACE_BOUND('',#1314,.T.);
#1468=FACE_BOUND('',#1315,.T.);
#1469=FACE_BOUND('',#1316,.T.);
#1470=FACE_BOUND('',#1317,.T.);
#1471=FACE_BOUND('',#1318,.T.);
#1472=FACE_BOUND('',#1319,.T.);
#1473=FACE_BOUND('',#1320,.T.);
#1474=FACE_BOUND('',#1321,.T.);
#1475=FACE_BOUND('',#1322,.T.);
#1476=FACE_BOUND('',#1323,.T.);
#1477=FACE_BOUND('',#1324,.T.);
#1478=FACE_BOUND('',#1325,.T.);
#1479=FACE_BOUND('',#1326,.T.);
#1480=FACE_BOUND('',#1327,.T.);
#1481=FACE_BOUND('',#1328,.T.);
#1482=FACE_BOUND('',#1329,.T.);
#1483=FACE_BOUND('',#1330,.T.);
#1484=FACE_BOUND('',#1331,.T.);
#1485=FACE_BOUND('',#1332,.T.);
#1486=FACE_BOUND('',#1333,.T.);
#1487=FACE_BOUND('',#1334,.T.);
#1488=FACE_BOUND('',#1335,.T.);
#1489=FACE_BOUND('',#1336,.T.);
#1490=FACE_BOUND('',#1337,.T.);
#1491=FACE_BOUND('',#1338,.T.);
#1492=FACE_BOUND('',#1339,.T.);
#1493=FACE_BOUND('',#1340,.T.);
#1494=FACE_BOUND('',#1341,.T.);
#1495=FACE_BOUND('',#1342,.T.);
#1496=FACE_BOUND('',#1343,.T.);
#1497=FACE_BOUND('',#1344,.T.);
#1498=FACE_BOUND('',#1345,.T.);
#1499=FACE_BOUND('',#1346,.T.);
#1500=FACE_BOUND('',#1347,.T.);
#1501=FACE_BOUND('',#1348,.T.);
#1502=FACE_BOUND('',#1349,.T.);
#1503=FACE_BOUND('',#1350,.T.);
#1504=FACE_BOUND('',#1351,.T.);
#1505=FACE_BOUND('',#1352,.T.);
#1506=FACE_BOUND('',#1353,.T.);
#1507=FACE_BOUND('',#1354,.T.);
#1508=FACE_BOUND('',#1355,.T.);
#1509=FACE_BOUND('',#1356,.T.);
#1510=FACE_BOUND('',#1357,.T.);
#1511=FACE_BOUND('',#1358,.T.);
#1512=FACE_BOUND('',#1359,.T.);
#1513=FACE_BOUND('',#1360,.T.);
#1514=FACE_BOUND('',#1361,.T.);
#1515=FACE_BOUND('',#1362,.T.);
#1516=FACE_BOUND('',#1363,.T.);
#1517=FACE_BOUND('',#1364,.T.);
#1518=FACE_BOUND('',#1365,.T.);
#1519=FACE_BOUND('',#1366,.T.);
#1520=FACE_BOUND('',#1367,.T.);
#1521=FACE_BOUND('',#1368,.T.);
#1522=FACE_BOUND('',#1369,.T.);
#1523=FACE_BOUND('',#1370,.T.);
#1524=FACE_BOUND('',#1371,.T.);
#1525=FACE_BOUND('',#1372,.T.);
#1526=FACE_BOUND('',#1373,.T.);
#1527=FACE_BOUND('',#1374,.T.);
#1528=FACE_BOUND('',#1375,.T.);
#1529=FACE_BOUND('',#1376,.T.);
#1530=FACE_BOUND('',#1377,.T.);
#1531=FACE_BOUND('',#1378,.T.);
#1532=FACE_BOUND('',#1379,.T.);
#1533=FACE_BOUND('',#1380,.T.);
#1534=FACE_BOUND('',#1381,.T.);
#1535=FACE_BOUND('',#1382,.T.);
#1536=FACE_BOUND('',#1383,.T.);
#1537=FACE_BOUND('',#1384,.T.);
#1538=FACE_BOUND('',#1385,.T.);
#1539=FACE_BOUND('',#1386,.T.);
#1540=FACE_BOUND('',#1387,.T.);
#1541=FACE_BOUND('',#1388,.T.);
#1542=FACE_BOUND('',#1389,.T.);
#1543=FACE_BOUND('',#1390,.T.);
#1544=PLANE('',#1686);
#1545=PLANE('',#1694);
#1546=PLANE('',#1695);
#1547=PLANE('',#1696);
#1548=PLANE('',#1702);
#1549=PLANE('',#1708);
#1550=PLANE('',#1709);
#1551=PLANE('',#1710);
#1552=PLANE('',#1716);
#1553=PLANE('',#1722);
#1554=PLANE('',#1723);
#1555=PLANE('',#1736);
#1556=PLANE('',#1740);
#1557=PLANE('',#1744);
#1558=PLANE('',#1748);
#1559=PLANE('',#1751);
#1560=PLANE('',#1754);
#1561=PLANE('',#1755);
#1562=PLANE('',#1756);
#1563=PLANE('',#1757);
#1564=PLANE('',#1758);
#1565=PLANE('',#1759);
#1566=PLANE('',#1766);
#1567=PLANE('',#1767);
#1568=PLANE('',#1768);
#1569=PLANE('',#1775);
#1570=PLANE('',#1778);
#1571=PLANE('',#1779);
#1572=PLANE('',#1782);
#1573=PLANE('',#1785);
#1574=PLANE('',#1786);
#1575=PLANE('',#1789);
#1576=PLANE('',#1796);
#1577=PLANE('',#1803);
#1578=PLANE('',#1805);
#1579=PLANE('',#1806);
#1580=PLANE('',#1808);
#1581=PLANE('',#1809);
#1582=PLANE('',#1810);
#1583=PLANE('',#1811);
#1584=PLANE('',#1812);
#1585=PLANE('',#1813);
#1586=ADVANCED_FACE('',(#1391,#1392,#1393,#1394,#1395,#1396,#1397,#1398),
#1544,.T.);
#1587=ADVANCED_FACE('',(#1399,#1400),#1545,.F.);
#1588=ADVANCED_FACE('',(#1401,#1402),#1546,.F.);
#1589=ADVANCED_FACE('',(#1403,#1404,#1405,#1406,#1407,#1408),#1547,.F.);
#1590=ADVANCED_FACE('',(#1409,#1410,#1411,#1412,#1413,#1414),#1548,.T.);
#1591=ADVANCED_FACE('',(#1415),#1549,.T.);
#1592=ADVANCED_FACE('',(#1416),#1550,.F.);
#1593=ADVANCED_FACE('',(#1417,#1418,#1419,#1420,#1421,#1422),#1551,.T.);
#1594=ADVANCED_FACE('',(#1423,#1424,#1425,#1426,#1427,#1428),#1552,.F.);
#1595=ADVANCED_FACE('',(#1429),#1553,.F.);
#1596=ADVANCED_FACE('',(#1430),#1554,.T.);
#1597=ADVANCED_FACE('',(#1431,#1432),#16,.F.);
#1598=ADVANCED_FACE('',(#1433,#1434),#17,.F.);
#1599=ADVANCED_FACE('',(#1435,#1436),#18,.F.);
#1600=ADVANCED_FACE('',(#1437,#1438),#19,.F.);
#1601=ADVANCED_FACE('',(#1439,#1440),#20,.F.);
#1602=ADVANCED_FACE('',(#1441,#1442),#21,.F.);
#1603=ADVANCED_FACE('',(#1443,#1444),#22,.F.);
#1604=ADVANCED_FACE('',(#1445,#1446),#23,.F.);
#1605=ADVANCED_FACE('',(#1447,#1448),#24,.F.);
#1606=ADVANCED_FACE('',(#1449,#1450),#25,.F.);
#1607=ADVANCED_FACE('',(#1451,#1452),#26,.T.);
#1608=ADVANCED_FACE('',(#1453,#1454),#1555,.T.);
#1609=ADVANCED_FACE('',(#1455,#1456),#27,.T.);
#1610=ADVANCED_FACE('',(#1457,#1458),#1556,.T.);
#1611=ADVANCED_FACE('',(#1459,#1460),#28,.T.);
#1612=ADVANCED_FACE('',(#1461,#1462),#1557,.T.);
#1613=ADVANCED_FACE('',(#1463,#1464),#29,.F.);
#1614=ADVANCED_FACE('',(#1465),#1558,.T.);
#1615=ADVANCED_FACE('',(#1466,#1467),#30,.F.);
#1616=ADVANCED_FACE('',(#1468),#1559,.T.);
#1617=ADVANCED_FACE('',(#1469,#1470),#31,.F.);
#1618=ADVANCED_FACE('',(#1471),#1560,.T.);
#1619=ADVANCED_FACE('',(#1472),#1561,.T.);
#1620=ADVANCED_FACE('',(#1473),#1562,.T.);
#1621=ADVANCED_FACE('',(#1474),#1563,.F.);
#1622=ADVANCED_FACE('',(#1475),#1564,.T.);
#1623=ADVANCED_FACE('',(#1476),#1565,.F.);
#1624=ADVANCED_FACE('',(#1477),#1566,.F.);
#1625=ADVANCED_FACE('',(#1478),#1567,.T.);
#1626=ADVANCED_FACE('',(#1479),#1568,.T.);
#1627=ADVANCED_FACE('',(#1480),#1569,.F.);
#1628=ADVANCED_FACE('',(#1481),#1570,.F.);
#1629=ADVANCED_FACE('',(#1482),#1571,.T.);
#1630=ADVANCED_FACE('',(#1483),#1572,.F.);
#1631=ADVANCED_FACE('',(#1484),#1573,.T.);
#1632=ADVANCED_FACE('',(#1485),#1574,.T.);
#1633=ADVANCED_FACE('',(#1486,#1487,#1488,#1489,#1490,#1491,#1492),#1575,
 .T.);
#1634=ADVANCED_FACE('',(#1493,#1494,#1495,#1496,#1497,#1498,#1499),#1576,
 .F.);
#1635=ADVANCED_FACE('',(#1500),#1577,.F.);
#1636=ADVANCED_FACE('',(#1501),#1578,.F.);
#1637=ADVANCED_FACE('',(#1502),#1579,.T.);
#1638=ADVANCED_FACE('',(#1503),#1580,.T.);
#1639=ADVANCED_FACE('',(#1504),#1581,.F.);
#1640=ADVANCED_FACE('',(#1505),#1582,.T.);
#1641=ADVANCED_FACE('',(#1506),#1583,.T.);
#1642=ADVANCED_FACE('',(#1507),#1584,.T.);
#1643=ADVANCED_FACE('',(#1508),#1585,.F.);
#1644=ADVANCED_FACE('',(#1509),#32,.T.);
#1645=ADVANCED_FACE('',(#1510),#33,.T.);
#1646=ADVANCED_FACE('',(#1511),#34,.T.);
#1647=ADVANCED_FACE('',(#1512),#35,.T.);
#1648=ADVANCED_FACE('',(#1513),#12,.T.);
#1649=ADVANCED_FACE('',(#1514),#36,.T.);
#1650=ADVANCED_FACE('',(#1515),#37,.T.);
#1651=ADVANCED_FACE('',(#1516),#13,.T.);
#1652=ADVANCED_FACE('',(#1517),#14,.T.);
#1653=ADVANCED_FACE('',(#1518),#38,.T.);
#1654=ADVANCED_FACE('',(#1519),#39,.T.);
#1655=ADVANCED_FACE('',(#1520),#15,.T.);
#1656=ADVANCED_FACE('',(#1521,#1522),#40,.F.);
#1657=ADVANCED_FACE('',(#1523,#1524),#41,.F.);
#1658=ADVANCED_FACE('',(#1525,#1526),#42,.F.);
#1659=ADVANCED_FACE('',(#1527,#1528),#43,.F.);
#1660=ADVANCED_FACE('',(#1529,#1530),#44,.F.);
#1661=ADVANCED_FACE('',(#1531,#1532),#45,.F.);
#1662=ADVANCED_FACE('',(#1533),#46,.F.);
#1663=ADVANCED_FACE('',(#1534),#47,.F.);
#1664=ADVANCED_FACE('',(#1535),#48,.F.);
#1665=ADVANCED_FACE('',(#1536),#49,.F.);
#1666=ADVANCED_FACE('',(#1537),#50,.F.);
#1667=ADVANCED_FACE('',(#1538),#51,.F.);
#1668=ADVANCED_FACE('',(#1539),#52,.F.);
#1669=ADVANCED_FACE('',(#1540),#53,.F.);
#1670=ADVANCED_FACE('',(#1541),#54,.F.);
#1671=ADVANCED_FACE('',(#1542),#55,.F.);
#1672=ADVANCED_FACE('',(#1543),#56,.F.);
#1673=CLOSED_SHELL('',(#1586,#1587,#1588,#1589,#1590,#1591,#1592,#1593,
#1594,#1595,#1596,#1597,#1598,#1599,#1600,#1601,#1602,#1603,#1604,#1605,
#1606,#1607,#1608,#1609,#1610,#1611,#1612,#1613,#1614,#1615,#1616,#1617,
#1618,#1619,#1620,#1621,#1622,#1623,#1624,#1625,#1626,#1627,#1628,#1629,
#1630,#1631,#1632,#1633,#1634,#1635,#1636,#1637,#1638,#1639,#1640,#1641,
#1642,#1643,#1644,#1645,#1646,#1647,#1648,#1649,#1650,#1651,#1652,#1653,
#1654,#1655,#1656,#1657,#1658,#1659,#1660,#1661,#1662,#1663,#1664,#1665,
#1666,#1667,#1668,#1669,#1670,#1671,#1672));
#1674=STYLED_ITEM('',(#1675),#1682);
#1675=PRESENTATION_STYLE_ASSIGNMENT((#1676));
#1676=SURFACE_STYLE_USAGE(.BOTH.,#1677);
#1677=SURFACE_SIDE_STYLE('',(#1678));
#1678=SURFACE_STYLE_FILL_AREA(#1679);
#1679=FILL_AREA_STYLE('',(#1680));
#1680=FILL_AREA_STYLE_COLOUR('',#1681);
#1681=COLOUR_RGB('',0.768627450980392,0.886274509803922,0.952941176470588);
#1682=MANIFOLD_SOLID_BREP('Bottom',#1673);
#1683=SHAPE_DEFINITION_REPRESENTATION(#2807,#1684);
#1684=SHAPE_REPRESENTATION('Bottom',(#1685),#2802);
#1685=AXIS2_PLACEMENT_3D('',#2334,#1855,#1856);
#1686=AXIS2_PLACEMENT_3D('',#2335,#1857,#1858);
#1687=AXIS2_PLACEMENT_3D('',#2360,#1871,#1872);
#1688=AXIS2_PLACEMENT_3D('',#2362,#1873,#1874);
#1689=AXIS2_PLACEMENT_3D('',#2364,#1875,#1876);
#1690=AXIS2_PLACEMENT_3D('',#2369,#1878,#1879);
#1691=AXIS2_PLACEMENT_3D('',#2373,#1881,#1882);
#1692=AXIS2_PLACEMENT_3D('',#2377,#1884,#1885);
#1693=AXIS2_PLACEMENT_3D('',#2381,#1887,#1888);
#1694=AXIS2_PLACEMENT_3D('',#2398,#1897,#1898);
#1695=AXIS2_PLACEMENT_3D('',#2431,#1915,#1916);
#1696=AXIS2_PLACEMENT_3D('',#2448,#1925,#1926);
#1697=AXIS2_PLACEMENT_3D('',#2449,#1927,#1928);
#1698=AXIS2_PLACEMENT_3D('',#2451,#1929,#1930);
#1699=AXIS2_PLACEMENT_3D('',#2453,#1931,#1932);
#1700=AXIS2_PLACEMENT_3D('',#2455,#1933,#1934);
#1701=AXIS2_PLACEMENT_3D('',#2457,#1935,#1936);
#1702=AXIS2_PLACEMENT_3D('',#2464,#1940,#1941);
#1703=AXIS2_PLACEMENT_3D('',#2465,#1942,#1943);
#1704=AXIS2_PLACEMENT_3D('',#2467,#1944,#1945);
#1705=AXIS2_PLACEMENT_3D('',#2469,#1946,#1947);
#1706=AXIS2_PLACEMENT_3D('',#2471,#1948,#1949);
#1707=AXIS2_PLACEMENT_3D('',#2473,#1950,#1951);
#1708=AXIS2_PLACEMENT_3D('',#2480,#1955,#1956);
#1709=AXIS2_PLACEMENT_3D('',#2486,#1960,#1961);
#1710=AXIS2_PLACEMENT_3D('',#2492,#1965,#1966);
#1711=AXIS2_PLACEMENT_3D('',#2493,#1967,#1968);
#1712=AXIS2_PLACEMENT_3D('',#2495,#1969,#1970);
#1713=AXIS2_PLACEMENT_3D('',#2497,#1971,#1972);
#1714=AXIS2_PLACEMENT_3D('',#2499,#1973,#1974);
#1715=AXIS2_PLACEMENT_3D('',#2501,#1975,#1976);
#1716=AXIS2_PLACEMENT_3D('',#2505,#1979,#1980);
#1717=AXIS2_PLACEMENT_3D('',#2506,#1981,#1982);
#1718=AXIS2_PLACEMENT_3D('',#2508,#1983,#1984);
#1719=AXIS2_PLACEMENT_3D('',#2510,#1985,#1986);
#1720=AXIS2_PLACEMENT_3D('',#2512,#1987,#1988);
#1721=AXIS2_PLACEMENT_3D('',#2514,#1989,#1990);
#1722=AXIS2_PLACEMENT_3D('',#2518,#1993,#1994);
#1723=AXIS2_PLACEMENT_3D('',#2523,#1999,#2000);
#1724=AXIS2_PLACEMENT_3D('',#2524,#2001,#2002);
#1725=AXIS2_PLACEMENT_3D('',#2525,#2003,#2004);
#1726=AXIS2_PLACEMENT_3D('',#2526,#2005,#2006);
#1727=AXIS2_PLACEMENT_3D('',#2527,#2007,#2008);
#1728=AXIS2_PLACEMENT_3D('',#2528,#2009,#2010);
#1729=AXIS2_PLACEMENT_3D('',#2529,#2011,#2012);
#1730=AXIS2_PLACEMENT_3D('',#2530,#2013,#2014);
#1731=AXIS2_PLACEMENT_3D('',#2531,#2015,#2016);
#1732=AXIS2_PLACEMENT_3D('',#2532,#2017,#2018);
#1733=AXIS2_PLACEMENT_3D('',#2533,#2019,#2020);
#1734=AXIS2_PLACEMENT_3D('',#2534,#2021,#2022);
#1735=AXIS2_PLACEMENT_3D('',#2535,#2023,#2024);
#1736=AXIS2_PLACEMENT_3D('',#2537,#2025,#2026);
#1737=AXIS2_PLACEMENT_3D('',#2538,#2027,#2028);
#1738=AXIS2_PLACEMENT_3D('',#2540,#2029,#2030);
#1739=AXIS2_PLACEMENT_3D('',#2541,#2031,#2032);
#1740=AXIS2_PLACEMENT_3D('',#2543,#2033,#2034);
#1741=AXIS2_PLACEMENT_3D('',#2544,#2035,#2036);
#1742=AXIS2_PLACEMENT_3D('',#2546,#2037,#2038);
#1743=AXIS2_PLACEMENT_3D('',#2547,#2039,#2040);
#1744=AXIS2_PLACEMENT_3D('',#2549,#2041,#2042);
#1745=AXIS2_PLACEMENT_3D('',#2550,#2043,#2044);
#1746=AXIS2_PLACEMENT_3D('',#2552,#2045,#2046);
#1747=AXIS2_PLACEMENT_3D('',#2553,#2047,#2048);
#1748=AXIS2_PLACEMENT_3D('',#2555,#2049,#2050);
#1749=AXIS2_PLACEMENT_3D('',#2556,#2051,#2052);
#1750=AXIS2_PLACEMENT_3D('',#2557,#2053,#2054);
#1751=AXIS2_PLACEMENT_3D('',#2559,#2055,#2056);
#1752=AXIS2_PLACEMENT_3D('',#2560,#2057,#2058);
#1753=AXIS2_PLACEMENT_3D('',#2561,#2059,#2060);
#1754=AXIS2_PLACEMENT_3D('',#2563,#2061,#2062);
#1755=AXIS2_PLACEMENT_3D('',#2564,#2063,#2064);
#1756=AXIS2_PLACEMENT_3D('',#2573,#2069,#2070);
#1757=AXIS2_PLACEMENT_3D('',#2576,#2073,#2074);
#1758=AXIS2_PLACEMENT_3D('',#2603,#2089,#2090);
#1759=AXIS2_PLACEMENT_3D('',#2612,#2095,#2096);
#1760=AXIS2_PLACEMENT_3D('',#2614,#2098,#2099);
#1761=AXIS2_PLACEMENT_3D('',#2618,#2101,#2102);
#1762=AXIS2_PLACEMENT_3D('',#2622,#2104,#2105);
#1763=AXIS2_PLACEMENT_3D('',#2623,#2106,#2107);
#1764=AXIS2_PLACEMENT_3D('',#2624,#2108,#2109);
#1765=AXIS2_PLACEMENT_3D('',#2628,#2111,#2112);
#1766=AXIS2_PLACEMENT_3D('',#2631,#2114,#2115);
#1767=AXIS2_PLACEMENT_3D('',#2633,#2117,#2118);
#1768=AXIS2_PLACEMENT_3D('',#2650,#2128,#2129);
#1769=AXIS2_PLACEMENT_3D('',#2651,#2130,#2131);
#1770=AXIS2_PLACEMENT_3D('',#2655,#2133,#2134);
#1771=AXIS2_PLACEMENT_3D('',#2656,#2135,#2136);
#1772=AXIS2_PLACEMENT_3D('',#2657,#2137,#2138);
#1773=AXIS2_PLACEMENT_3D('',#2661,#2140,#2141);
#1774=AXIS2_PLACEMENT_3D('',#2662,#2142,#2143);
#1775=AXIS2_PLACEMENT_3D('',#2663,#2144,#2145);
#1776=AXIS2_PLACEMENT_3D('',#2664,#2146,#2147);
#1777=AXIS2_PLACEMENT_3D('',#2672,#2151,#2152);
#1778=AXIS2_PLACEMENT_3D('',#2673,#2153,#2154);
#1779=AXIS2_PLACEMENT_3D('',#2679,#2158,#2159);
#1780=AXIS2_PLACEMENT_3D('',#2682,#2161,#2162);
#1781=AXIS2_PLACEMENT_3D('',#2683,#2163,#2164);
#1782=AXIS2_PLACEMENT_3D('',#2686,#2166,#2167);
#1783=AXIS2_PLACEMENT_3D('',#2687,#2168,#2169);
#1784=AXIS2_PLACEMENT_3D('',#2695,#2173,#2174);
#1785=AXIS2_PLACEMENT_3D('',#2696,#2175,#2176);
#1786=AXIS2_PLACEMENT_3D('',#2702,#2180,#2181);
#1787=AXIS2_PLACEMENT_3D('',#2705,#2183,#2184);
#1788=AXIS2_PLACEMENT_3D('',#2706,#2185,#2186);
#1789=AXIS2_PLACEMENT_3D('',#2709,#2188,#2189);
#1790=AXIS2_PLACEMENT_3D('',#2710,#2190,#2191);
#1791=AXIS2_PLACEMENT_3D('',#2712,#2192,#2193);
#1792=AXIS2_PLACEMENT_3D('',#2714,#2194,#2195);
#1793=AXIS2_PLACEMENT_3D('',#2716,#2196,#2197);
#1794=AXIS2_PLACEMENT_3D('',#2718,#2198,#2199);
#1795=AXIS2_PLACEMENT_3D('',#2720,#2200,#2201);
#1796=AXIS2_PLACEMENT_3D('',#2726,#2206,#2207);
#1797=AXIS2_PLACEMENT_3D('',#2727,#2208,#2209);
#1798=AXIS2_PLACEMENT_3D('',#2729,#2210,#2211);
#1799=AXIS2_PLACEMENT_3D('',#2731,#2212,#2213);
#1800=AXIS2_PLACEMENT_3D('',#2733,#2214,#2215);
#1801=AXIS2_PLACEMENT_3D('',#2735,#2216,#2217);
#1802=AXIS2_PLACEMENT_3D('',#2737,#2218,#2219);
#1803=AXIS2_PLACEMENT_3D('',#2743,#2224,#2225);
#1804=AXIS2_PLACEMENT_3D('',#2744,#2226,#2227);
#1805=AXIS2_PLACEMENT_3D('',#2746,#2229,#2230);
#1806=AXIS2_PLACEMENT_3D('',#2748,#2232,#2233);
#1807=AXIS2_PLACEMENT_3D('',#2749,#2234,#2235);
#1808=AXIS2_PLACEMENT_3D('',#2750,#2236,#2237);
#1809=AXIS2_PLACEMENT_3D('',#2752,#2239,#2240);
#1810=AXIS2_PLACEMENT_3D('',#2754,#2242,#2243);
#1811=AXIS2_PLACEMENT_3D('',#2755,#2244,#2245);
#1812=AXIS2_PLACEMENT_3D('',#2758,#2248,#2249);
#1813=AXIS2_PLACEMENT_3D('',#2759,#2250,#2251);
#1814=AXIS2_PLACEMENT_3D('',#2760,#2252,#2253);
#1815=AXIS2_PLACEMENT_3D('',#2761,#2254,#2255);
#1816=AXIS2_PLACEMENT_3D('',#2762,#2256,#2257);
#1817=AXIS2_PLACEMENT_3D('',#2763,#2258,#2259);
#1818=AXIS2_PLACEMENT_3D('',#2764,#2260,#2261);
#1819=AXIS2_PLACEMENT_3D('',#2765,#2262,#2263);
#1820=AXIS2_PLACEMENT_3D('',#2766,#2264,#2265);
#1821=AXIS2_PLACEMENT_3D('',#2767,#2266,#2267);
#1822=AXIS2_PLACEMENT_3D('',#2768,#2268,#2269);
#1823=AXIS2_PLACEMENT_3D('',#2769,#2270,#2271);
#1824=AXIS2_PLACEMENT_3D('',#2770,#2272,#2273);
#1825=AXIS2_PLACEMENT_3D('',#2771,#2274,#2275);
#1826=AXIS2_PLACEMENT_3D('',#2772,#2276,#2277);
#1827=AXIS2_PLACEMENT_3D('',#2773,#2278,#2279);
#1828=AXIS2_PLACEMENT_3D('',#2774,#2280,#2281);
#1829=AXIS2_PLACEMENT_3D('',#2775,#2282,#2283);
#1830=AXIS2_PLACEMENT_3D('',#2776,#2284,#2285);
#1831=AXIS2_PLACEMENT_3D('',#2777,#2286,#2287);
#1832=AXIS2_PLACEMENT_3D('',#2778,#2288,#2289);
#1833=AXIS2_PLACEMENT_3D('',#2779,#2290,#2291);
#1834=AXIS2_PLACEMENT_3D('',#2780,#2292,#2293);
#1835=AXIS2_PLACEMENT_3D('',#2781,#2294,#2295);
#1836=AXIS2_PLACEMENT_3D('',#2782,#2296,#2297);
#1837=AXIS2_PLACEMENT_3D('',#2783,#2298,#2299);
#1838=AXIS2_PLACEMENT_3D('',#2784,#2300,#2301);
#1839=AXIS2_PLACEMENT_3D('',#2785,#2302,#2303);
#1840=AXIS2_PLACEMENT_3D('',#2786,#2304,#2305);
#1841=AXIS2_PLACEMENT_3D('',#2787,#2306,#2307);
#1842=AXIS2_PLACEMENT_3D('',#2788,#2308,#2309);
#1843=AXIS2_PLACEMENT_3D('',#2789,#2310,#2311);
#1844=AXIS2_PLACEMENT_3D('',#2790,#2312,#2313);
#1845=AXIS2_PLACEMENT_3D('',#2791,#2314,#2315);
#1846=AXIS2_PLACEMENT_3D('',#2792,#2316,#2317);
#1847=AXIS2_PLACEMENT_3D('',#2793,#2318,#2319);
#1848=AXIS2_PLACEMENT_3D('',#2794,#2320,#2321);
#1849=AXIS2_PLACEMENT_3D('',#2795,#2322,#2323);
#1850=AXIS2_PLACEMENT_3D('',#2796,#2324,#2325);
#1851=AXIS2_PLACEMENT_3D('',#2797,#2326,#2327);
#1852=AXIS2_PLACEMENT_3D('',#2798,#2328,#2329);
#1853=AXIS2_PLACEMENT_3D('',#2799,#2330,#2331);
#1854=AXIS2_PLACEMENT_3D('',#2800,#2332,#2333);
#1855=DIRECTION('',(0.,0.,1.));
#1856=DIRECTION('',(1.,0.,0.));
#1857=DIRECTION('',(-1.86719326868777E-14,1.,7.91516548320815E-21));
#1858=DIRECTION('',(1.,1.86719326868777E-14,0.));
#1859=DIRECTION('',(-1.,-1.86719326868777E-14,-1.32554255833933E-36));
#1860=DIRECTION('',(1.4779143710796E-34,-7.91516548320815E-21,1.));
#1861=DIRECTION('',(1.,1.86719326868777E-14,-9.56982841634003E-37));
#1862=DIRECTION('',(2.1350442781253E-16,-7.91516547922161E-21,1.));
#1863=DIRECTION('',(1.,1.86719326868777E-14,-9.56982841633803E-37));
#1864=DIRECTION('',(1.4779143710796E-34,-7.91516548320815E-21,1.));
#1865=DIRECTION('',(-1.,-1.86719326868777E-14,-1.32554255833933E-36));
#1866=DIRECTION('',(1.4779143710796E-34,-7.91516548320815E-21,1.));
#1867=DIRECTION('',(1.4779143710796E-34,-7.91516548320815E-21,1.));
#1868=DIRECTION('',(1.,1.86719326868777E-14,-9.56982841633803E-37));
#1869=DIRECTION('',(1.4779143710796E-34,-7.91516548320815E-21,1.));
#1870=DIRECTION('',(1.,1.86719326868777E-14,-9.56982841634003E-37));
#1871=DIRECTION('',(-1.86719326868777E-14,1.,7.91516548320815E-21));
#1872=DIRECTION('',(1.,1.86719326868777E-14,0.));
#1873=DIRECTION('',(-1.86719326868777E-14,1.,7.91516548320815E-21));
#1874=DIRECTION('',(1.,1.86719326868777E-14,0.));
#1875=DIRECTION('',(-1.86719326868777E-14,1.,7.91516548320815E-21));
#1876=DIRECTION('',(1.,1.86719326868777E-14,0.));
#1877=DIRECTION('',(1.,1.86719326868777E-14,-3.57285466647663E-14));
#1878=DIRECTION('',(-1.86719326868777E-14,1.,7.91516548320815E-21));
#1879=DIRECTION('',(1.,1.86719326868777E-14,0.));
#1880=DIRECTION('',(-3.57285466647663E-14,7.91516481608713E-21,-1.));
#1881=DIRECTION('',(-1.86719326868777E-14,1.,7.91516548320815E-21));
#1882=DIRECTION('',(1.,1.86719326868777E-14,0.));
#1883=DIRECTION('',(1.,1.86719326868777E-14,-3.57285466647663E-14));
#1884=DIRECTION('',(-1.86719326868777E-14,1.,7.91516548320815E-21));
#1885=DIRECTION('',(1.,1.86719326868777E-14,0.));
#1886=DIRECTION('',(-3.57285466647663E-14,7.91516481608713E-21,-1.));
#1887=DIRECTION('',(-1.86719326868777E-14,1.,7.91516548320815E-21));
#1888=DIRECTION('',(1.,1.86719326868777E-14,0.));
#1889=DIRECTION('',(1.,1.86719326868777E-14,-1.28390244591864E-36));
#1890=DIRECTION('',(-1.4779143710796E-34,7.91516548320815E-21,-1.));
#1891=DIRECTION('',(1.,1.86719326868777E-14,1.04852033083349E-35));
#1892=DIRECTION('',(-1.4779143710796E-34,7.91516548320815E-21,-1.));
#1893=DIRECTION('',(-1.90628953404094E-16,7.91516547964874E-21,-1.));
#1894=DIRECTION('',(1.,1.86719326868777E-14,1.0158078738781E-36));
#1895=DIRECTION('',(-1.4779143710796E-34,7.91516548320815E-21,-1.));
#1896=DIRECTION('',(1.,1.86719326868777E-14,-3.56857400772372E-14));
#1897=DIRECTION('',(-1.86719326868777E-14,1.,7.91516548320815E-21));
#1898=DIRECTION('',(1.,1.86719326868777E-14,0.));
#1899=DIRECTION('',(1.4779143710796E-34,-7.91516548320815E-21,1.));
#1900=DIRECTION('',(-1.,-1.86719326868777E-14,-1.32554255833935E-36));
#1901=DIRECTION('',(1.4779143710796E-34,-7.91516548320815E-21,1.));
#1902=DIRECTION('',(-1.,-1.86719326868777E-14,-1.32554255833935E-36));
#1903=DIRECTION('',(-1.90628953404094E-16,7.91516547964874E-21,-1.));
#1904=DIRECTION('',(1.,1.86719326868777E-14,-3.57285466647663E-14));
#1905=DIRECTION('',(-3.57285466647663E-14,7.91516481608713E-21,-1.));
#1906=DIRECTION('',(1.,1.86719326868777E-14,-3.57285466647663E-14));
#1907=DIRECTION('',(-3.57285466647663E-14,7.91516481608713E-21,-1.));
#1908=DIRECTION('',(1.,1.86719326868777E-14,-3.57285466647663E-14));
#1909=DIRECTION('',(-1.4779143710796E-34,7.91516548320815E-21,-1.));
#1910=DIRECTION('',(1.,1.86719326868777E-14,1.0485203308335E-35));
#1911=DIRECTION('',(-1.4779143710796E-34,7.91516548320815E-21,-1.));
#1912=DIRECTION('',(1.,1.86719326868777E-14,-3.57285466647663E-14));
#1913=DIRECTION('',(-1.4779143710796E-34,7.91516548320815E-21,-1.));
#1914=DIRECTION('',(1.,1.86719326868777E-14,1.01580787387812E-36));
#1915=DIRECTION('',(-1.86719326868777E-14,1.,7.91516548320815E-21));
#1916=DIRECTION('',(1.,1.86719326868777E-14,0.));
#1917=DIRECTION('',(1.,1.86719326868777E-14,-3.57285466647663E-14));
#1918=DIRECTION('',(-3.57285466647663E-14,7.91516481608713E-21,-1.));
#1919=DIRECTION('',(1.,1.86719326868777E-14,-3.57285466647663E-14));
#1920=DIRECTION('',(-3.57285466647663E-14,7.91516481608713E-21,-1.));
#1921=DIRECTION('',(1.,1.86719326868777E-14,-3.57285466647663E-14));
#1922=DIRECTION('',(-3.57285466647663E-14,7.91516481608713E-21,-1.));
#1923=DIRECTION('',(1.,1.86719326868777E-14,-3.57285466647663E-14));
#1924=DIRECTION('',(-3.57285466647663E-14,7.91516481608713E-21,-1.));
#1925=DIRECTION('',(1.,1.84664111958822E-14,-3.57285466647663E-14));
#1926=DIRECTION('',(-3.57285466647663E-14,0.,-1.));
#1927=DIRECTION('',(-1.,-1.84664111958822E-14,3.57285466647663E-14));
#1928=DIRECTION('',(3.57285466647663E-14,0.,1.));
#1929=DIRECTION('',(-1.,-1.84664111958822E-14,3.57285466647663E-14));
#1930=DIRECTION('',(3.57285466647663E-14,0.,1.));
#1931=DIRECTION('',(-1.,-1.84664111958822E-14,3.57285466647663E-14));
#1932=DIRECTION('',(3.57285466647663E-14,0.,1.));
#1933=DIRECTION('',(-1.,-1.84664111958822E-14,3.57285466647663E-14));
#1934=DIRECTION('',(3.57285466647663E-14,0.,1.));
#1935=DIRECTION('',(-1.,-1.84664111958822E-14,3.57285466647663E-14));
#1936=DIRECTION('',(3.57285466647663E-14,0.,1.));
#1937=DIRECTION('',(1.84664111958822E-14,-1.,-7.91516547586517E-21));
#1938=DIRECTION('',(-3.57285466647663E-14,7.91516481608713E-21,-1.));
#1939=DIRECTION('',(1.84664111958822E-14,-1.,-7.91516547586517E-21));
#1940=DIRECTION('',(1.,1.84664111958822E-14,-3.57285466647663E-14));
#1941=DIRECTION('',(-3.57285466647663E-14,0.,-1.));
#1942=DIRECTION('',(1.,1.84664111958822E-14,-3.57285466647663E-14));
#1943=DIRECTION('',(-3.57285466647663E-14,0.,-1.));
#1944=DIRECTION('',(1.,1.84664111958822E-14,-3.57285466647663E-14));
#1945=DIRECTION('',(-3.57285466647663E-14,0.,-1.));
#1946=DIRECTION('',(1.,1.84664111958822E-14,-3.57285466647663E-14));
#1947=DIRECTION('',(-3.57285466647663E-14,0.,-1.));
#1948=DIRECTION('',(1.,1.84664111958822E-14,-3.57285466647663E-14));
#1949=DIRECTION('',(-3.57285466647663E-14,0.,-1.));
#1950=DIRECTION('',(1.,1.84664111958822E-14,-3.57285466647663E-14));
#1951=DIRECTION('',(-3.57285466647663E-14,0.,-1.));
#1952=DIRECTION('',(1.84664111958822E-14,-1.,-7.91516547586517E-21));
#1953=DIRECTION('',(-3.57285466647663E-14,7.91516481608713E-21,-1.));
#1954=DIRECTION('',(1.84664111958822E-14,-1.,-7.91516547586517E-21));
#1955=DIRECTION('',(3.57285466647663E-14,-7.91516481608713E-21,1.));
#1956=DIRECTION('',(1.,2.82797335490885E-34,-3.57285466647663E-14));
#1957=DIRECTION('',(1.84664111958822E-14,-1.,-7.91516547586517E-21));
#1958=DIRECTION('',(1.,1.86719326868777E-14,-3.57285466647663E-14));
#1959=DIRECTION('',(1.84664111958822E-14,-1.,-7.91516547586517E-21));
#1960=DIRECTION('',(3.57285466647663E-14,-7.91516481608713E-21,1.));
#1961=DIRECTION('',(1.,2.82797335490885E-34,-3.57285466647663E-14));
#1962=DIRECTION('',(1.84664111958822E-14,-1.,-7.91516547586517E-21));
#1963=DIRECTION('',(1.,1.86719326868777E-14,-3.57285466647663E-14));
#1964=DIRECTION('',(1.84664111958822E-14,-1.,-7.91516547586517E-21));
#1965=DIRECTION('',(1.,1.84664111958822E-14,-3.57285466647663E-14));
#1966=DIRECTION('',(-3.57285466647663E-14,0.,-1.));
#1967=DIRECTION('',(1.,1.84664111958822E-14,-3.57285466647663E-14));
#1968=DIRECTION('',(-3.57285466647663E-14,0.,-1.));
#1969=DIRECTION('',(1.,1.84664111958822E-14,-3.57285466647663E-14));
#1970=DIRECTION('',(-3.57285466647663E-14,0.,-1.));
#1971=DIRECTION('',(1.,1.84664111958822E-14,-3.57285466647663E-14));
#1972=DIRECTION('',(-3.57285466647663E-14,0.,-1.));
#1973=DIRECTION('',(1.,1.84664111958822E-14,-3.57285466647663E-14));
#1974=DIRECTION('',(-3.57285466647663E-14,0.,-1.));
#1975=DIRECTION('',(1.,1.84664111958822E-14,-3.57285466647663E-14));
#1976=DIRECTION('',(-3.57285466647663E-14,0.,-1.));
#1977=DIRECTION('',(1.84664111958822E-14,-1.,-7.91516547586517E-21));
#1978=DIRECTION('',(1.84664111958822E-14,-1.,-7.91516547586517E-21));
#1979=DIRECTION('',(1.,1.84664111958822E-14,-3.57285466647663E-14));
#1980=DIRECTION('',(-3.57285466647663E-14,0.,-1.));
#1981=DIRECTION('',(1.,1.84664111958822E-14,-3.57285466647663E-14));
#1982=DIRECTION('',(-3.57285466647663E-14,0.,-1.));
#1983=DIRECTION('',(1.,1.84664111958822E-14,-3.57285466647663E-14));
#1984=DIRECTION('',(-3.57285466647663E-14,0.,-1.));
#1985=DIRECTION('',(1.,1.84664111958822E-14,-3.57285466647663E-14));
#1986=DIRECTION('',(-3.57285466647663E-14,0.,-1.));
#1987=DIRECTION('',(1.,1.84664111958822E-14,-3.57285466647663E-14));
#1988=DIRECTION('',(-3.57285466647663E-14,0.,-1.));
#1989=DIRECTION('',(1.,1.84664111958822E-14,-3.57285466647663E-14));
#1990=DIRECTION('',(-3.57285466647663E-14,0.,-1.));
#1991=DIRECTION('',(1.84664111958822E-14,-1.,-7.91516547586517E-21));
#1992=DIRECTION('',(1.84664111958822E-14,-1.,-7.91516547586517E-21));
#1993=DIRECTION('',(3.57285466647663E-14,-7.91516481608713E-21,1.));
#1994=DIRECTION('',(1.,2.82797335490885E-34,-3.57285466647663E-14));
#1995=DIRECTION('',(-1.86719326868777E-14,1.,7.91516548320815E-21));
#1996=DIRECTION('',(-1.86719326868777E-14,1.,7.91516548320815E-21));
#1997=DIRECTION('',(-1.86719326868777E-14,1.,7.91516548320815E-21));
#1998=DIRECTION('',(-1.86719326868777E-14,1.,7.91516548320815E-21));
#1999=DIRECTION('',(3.57285466647663E-14,-7.91516481608713E-21,1.));
#2000=DIRECTION('',(1.,2.82797335490885E-34,-3.57285466647663E-14));
#2001=DIRECTION('',(-1.,-1.84664111958822E-14,3.57285466647663E-14));
#2002=DIRECTION('',(3.57285466647663E-14,0.,1.));
#2003=DIRECTION('',(-1.,-1.84664111958822E-14,3.57285466647663E-14));
#2004=DIRECTION('',(3.57285466647663E-14,0.,1.));
#2005=DIRECTION('',(-1.,-1.84664111958822E-14,3.57285466647663E-14));
#2006=DIRECTION('',(3.57285466647663E-14,0.,1.));
#2007=DIRECTION('',(-1.,-1.84664111958822E-14,3.57285466647663E-14));
#2008=DIRECTION('',(3.57285466647663E-14,0.,1.));
#2009=DIRECTION('',(-1.,-1.84664111958822E-14,3.57285466647663E-14));
#2010=DIRECTION('',(3.57285466647663E-14,0.,1.));
#2011=DIRECTION('',(-1.,-1.84664111958822E-14,3.57285466647663E-14));
#2012=DIRECTION('',(3.57285466647663E-14,0.,1.));
#2013=DIRECTION('',(-1.,-1.84664111958822E-14,3.57285466647663E-14));
#2014=DIRECTION('',(3.57285466647663E-14,0.,1.));
#2015=DIRECTION('',(-1.,-1.84664111958822E-14,3.57285466647663E-14));
#2016=DIRECTION('',(3.57285466647663E-14,0.,1.));
#2017=DIRECTION('',(-1.,-1.84664111958822E-14,3.57285466647663E-14));
#2018=DIRECTION('',(3.57285466647663E-14,0.,1.));
#2019=DIRECTION('',(-1.,-1.84664111958822E-14,3.57285466647663E-14));
#2020=DIRECTION('',(3.57285466647663E-14,0.,1.));
#2021=DIRECTION('',(1.86719326868777E-14,-1.,-7.91516548320815E-21));
#2022=DIRECTION('',(-1.,-1.86719326868777E-14,0.));
#2023=DIRECTION('',(0.,1.,0.));
#2024=DIRECTION('',(1.,0.,0.));
#2025=DIRECTION('',(0.,1.,0.));
#2026=DIRECTION('',(1.,0.,0.));
#2027=DIRECTION('',(0.,1.,0.));
#2028=DIRECTION('',(1.,0.,0.));
#2029=DIRECTION('',(1.86719326868777E-14,-1.,-7.91516548320815E-21));
#2030=DIRECTION('',(-1.,-1.86719326868777E-14,0.));
#2031=DIRECTION('',(0.,1.,0.));
#2032=DIRECTION('',(1.,0.,0.));
#2033=DIRECTION('',(0.,1.,0.));
#2034=DIRECTION('',(1.,0.,0.));
#2035=DIRECTION('',(0.,1.,0.));
#2036=DIRECTION('',(1.,0.,0.));
#2037=DIRECTION('',(1.86719326868777E-14,-1.,-7.91516548320815E-21));
#2038=DIRECTION('',(-1.,-1.86719326868777E-14,0.));
#2039=DIRECTION('',(0.,1.,0.));
#2040=DIRECTION('',(1.,0.,0.));
#2041=DIRECTION('',(0.,1.,0.));
#2042=DIRECTION('',(1.,0.,0.));
#2043=DIRECTION('',(0.,1.,0.));
#2044=DIRECTION('',(1.,0.,0.));
#2045=DIRECTION('',(0.,1.,0.));
#2046=DIRECTION('',(1.,0.,0.));
#2047=DIRECTION('',(0.,1.,0.));
#2048=DIRECTION('',(1.,0.,0.));
#2049=DIRECTION('',(0.,1.,0.));
#2050=DIRECTION('',(1.,0.,0.));
#2051=DIRECTION('',(0.,1.,0.));
#2052=DIRECTION('',(1.,0.,0.));
#2053=DIRECTION('',(0.,1.,0.));
#2054=DIRECTION('',(1.,0.,0.));
#2055=DIRECTION('',(0.,1.,0.));
#2056=DIRECTION('',(1.,0.,0.));
#2057=DIRECTION('',(0.,1.,0.));
#2058=DIRECTION('',(1.,0.,0.));
#2059=DIRECTION('',(0.,1.,0.));
#2060=DIRECTION('',(1.,0.,0.));
#2061=DIRECTION('',(0.,1.,0.));
#2062=DIRECTION('',(1.,0.,0.));
#2063=DIRECTION('',(-1.86632318794746E-14,1.,7.91516548289728E-21));
#2064=DIRECTION('',(1.,1.86632318794746E-14,0.));
#2065=DIRECTION('',(1.47791437102155E-34,-7.91516548289728E-21,1.));
#2066=DIRECTION('',(1.,1.86632318794746E-14,-1.02585117206625E-36));
#2067=DIRECTION('',(2.1350442781253E-16,-7.9151654789126E-21,1.));
#2068=DIRECTION('',(1.,1.86632318794746E-14,-1.02585117206645E-36));
#2069=DIRECTION('',(1.,1.86719326868777E-14,-2.1350442781253E-16));
#2070=DIRECTION('',(1.86719326868777E-14,-1.,0.));
#2071=DIRECTION('',(1.86719326868777E-14,-1.,-7.91516548320815E-21));
#2072=DIRECTION('',(1.86719326868777E-14,-1.,-7.91516548320815E-21));
#2073=DIRECTION('',(1.,1.86719326868777E-14,-2.78407190484802E-50));
#2074=DIRECTION('',(1.86719326868777E-14,-1.,0.));
#2075=DIRECTION('',(1.86719326868777E-14,-1.,-7.91516548320815E-21));
#2076=DIRECTION('',(1.4779143710796E-34,-7.91516548320815E-21,1.));
#2077=DIRECTION('',(-1.86719326868777E-14,1.,7.91516548320815E-21));
#2078=DIRECTION('',(-1.86719326868777E-14,1.,7.91516548320815E-21));
#2079=DIRECTION('',(1.4779143710796E-34,-7.91516548320815E-21,1.));
#2080=DIRECTION('',(1.86719326868777E-14,-1.,-7.91516548320815E-21));
#2081=DIRECTION('',(1.47324219536001E-34,-7.8901430294647E-21,1.));
#2082=DIRECTION('',(-1.84879371771356E-14,1.,7.8901430294647E-21));
#2083=DIRECTION('',(1.47324219536001E-34,-7.8901430294647E-21,1.));
#2084=DIRECTION('',(1.86719326868777E-14,-1.,-7.91516548320815E-21));
#2085=DIRECTION('',(1.86719326868777E-14,-1.,-7.91516548320815E-21));
#2086=DIRECTION('',(1.47324219536001E-34,-7.8901430294647E-21,1.));
#2087=DIRECTION('',(-1.84879371771356E-14,1.,7.8901430294647E-21));
#2088=DIRECTION('',(1.47324219536001E-34,-7.8901430294647E-21,1.));
#2089=DIRECTION('',(-1.86632318794746E-14,1.,7.91516548289728E-21));
#2090=DIRECTION('',(1.,1.86632318794746E-14,0.));
#2091=DIRECTION('',(1.,1.86632318794746E-14,-1.02585117206645E-36));
#2092=DIRECTION('',(1.47791437102155E-34,-7.91516548289728E-21,1.));
#2093=DIRECTION('',(1.,1.86632318794746E-14,-1.02585117206625E-36));
#2094=DIRECTION('',(1.47791437102155E-34,-7.91516548289728E-21,1.));
#2095=DIRECTION('',(-1.48748419949594E-34,7.91516548320815E-21,-1.));
#2096=DIRECTION('',(0.,1.,7.91516548320815E-21));
#2097=DIRECTION('',(1.86719326868777E-14,-1.,-7.91516548320815E-21));
#2098=DIRECTION('',(-1.48748419949594E-34,7.91516548320815E-21,-1.));
#2099=DIRECTION('',(0.,1.,7.91516548320815E-21));
#2100=DIRECTION('',(1.86719326868777E-14,-1.,-7.91516548320815E-21));
#2101=DIRECTION('',(-1.48748419949594E-34,7.91516548320815E-21,-1.));
#2102=DIRECTION('',(0.,1.,7.91516548320815E-21));
#2103=DIRECTION('',(1.,1.84879371771356E-14,-2.79231143014381E-16));
#2104=DIRECTION('',(-1.48748419949594E-34,7.91516548320815E-21,-1.));
#2105=DIRECTION('',(0.,1.,7.91516548320815E-21));
#2106=DIRECTION('',(-1.48748419949594E-34,7.91516548320815E-21,-1.));
#2107=DIRECTION('',(0.,1.,7.91516548320815E-21));
#2108=DIRECTION('',(-1.48748419949594E-34,7.91516548320815E-21,-1.));
#2109=DIRECTION('',(0.,1.,7.91516548320815E-21));
#2110=DIRECTION('',(1.,1.84879371771356E-14,-2.79231143014381E-16));
#2111=DIRECTION('',(-1.48748419949594E-34,7.91516548320815E-21,-1.));
#2112=DIRECTION('',(0.,1.,7.91516548320815E-21));
#2113=DIRECTION('',(1.86719326868777E-14,-1.,-7.91516548320815E-21));
#2114=DIRECTION('',(1.,1.86719326868777E-14,-2.78407190484802E-50));
#2115=DIRECTION('',(1.86719326868777E-14,-1.,0.));
#2116=DIRECTION('',(1.86719326868777E-14,-1.,-7.91516548320815E-21));
#2117=DIRECTION('',(1.,1.86719326868777E-14,-2.78407190484802E-50));
#2118=DIRECTION('',(1.86719326868777E-14,-1.,0.));
#2119=DIRECTION('',(1.4779143710796E-34,-7.91516548320815E-21,1.));
#2120=DIRECTION('',(1.86719326868777E-14,-1.,-7.91516548320815E-21));
#2121=DIRECTION('',(1.47324219536001E-34,-7.8901430294647E-21,1.));
#2122=DIRECTION('',(-1.84879371771356E-14,1.,7.8901430294647E-21));
#2123=DIRECTION('',(1.47324219536001E-34,-7.8901430294647E-21,1.));
#2124=DIRECTION('',(1.86719326868777E-14,-1.,-7.91516548320815E-21));
#2125=DIRECTION('',(1.47324219536001E-34,-7.8901430294647E-21,1.));
#2126=DIRECTION('',(-1.84879371771356E-14,1.,7.8901430294647E-21));
#2127=DIRECTION('',(1.47324219536001E-34,-7.8901430294647E-21,1.));
#2128=DIRECTION('',(-1.48748419949594E-34,7.91516548320815E-21,-1.));
#2129=DIRECTION('',(0.,1.,7.91516548320815E-21));
#2130=DIRECTION('',(-1.48748419949594E-34,7.91516548320815E-21,-1.));
#2131=DIRECTION('',(0.,1.,7.91516548320815E-21));
#2132=DIRECTION('',(1.,1.84879371771356E-14,-8.77861066580292E-38));
#2133=DIRECTION('',(-1.48748419949594E-34,7.91516548320815E-21,-1.));
#2134=DIRECTION('',(0.,1.,7.91516548320815E-21));
#2135=DIRECTION('',(-1.48748419949594E-34,7.91516548320815E-21,-1.));
#2136=DIRECTION('',(0.,1.,7.91516548320815E-21));
#2137=DIRECTION('',(-1.48748419949594E-34,7.91516548320815E-21,-1.));
#2138=DIRECTION('',(0.,1.,7.91516548320815E-21));
#2139=DIRECTION('',(1.,1.84879371771356E-14,-8.77861066580292E-38));
#2140=DIRECTION('',(-1.48748419949594E-34,7.91516548320815E-21,-1.));
#2141=DIRECTION('',(0.,1.,7.91516548320815E-21));
#2142=DIRECTION('',(-1.48748419949594E-34,7.91516548320815E-21,-1.));
#2143=DIRECTION('',(0.,1.,7.91516548320815E-21));
#2144=DIRECTION('',(-1.45084493225488E-34,7.8901430294647E-21,-1.));
#2145=DIRECTION('',(0.,1.,7.8901430294647E-21));
#2146=DIRECTION('',(-1.45084493225488E-34,7.8901430294647E-21,-1.));
#2147=DIRECTION('',(0.,1.,7.8901430294647E-21));
#2148=DIRECTION('',(-1.,-1.84879371771356E-14,-7.87975421869283E-37));
#2149=DIRECTION('',(-1.84879371771356E-14,1.,7.8901430294647E-21));
#2150=DIRECTION('',(-1.,-1.84879371771356E-14,-7.87975421869283E-37));
#2151=DIRECTION('',(-1.45084493225488E-34,7.8901430294647E-21,-1.));
#2152=DIRECTION('',(0.,1.,7.8901430294647E-21));
#2153=DIRECTION('',(-1.,-1.84879371771356E-14,0.));
#2154=DIRECTION('',(-1.84879371771356E-14,1.,0.));
#2155=DIRECTION('',(1.45872468647357E-34,-7.8901430294647E-21,1.));
#2156=DIRECTION('',(-1.84879371771356E-14,1.,7.8901430294647E-21));
#2157=DIRECTION('',(1.45872468647357E-34,-7.8901430294647E-21,1.));
#2158=DIRECTION('',(-1.45084493225488E-34,7.8901430294647E-21,-1.));
#2159=DIRECTION('',(0.,1.,7.8901430294647E-21));
#2160=DIRECTION('',(-1.,-1.84879371771356E-14,-7.87975421869382E-37));
#2161=DIRECTION('',(-1.45084493225488E-34,7.8901430294647E-21,-1.));
#2162=DIRECTION('',(0.,1.,7.8901430294647E-21));
#2163=DIRECTION('',(-1.45084493225488E-34,7.8901430294647E-21,-1.));
#2164=DIRECTION('',(0.,1.,7.8901430294647E-21));
#2165=DIRECTION('',(-1.,-1.84879371771356E-14,-7.87975421869382E-37));
#2166=DIRECTION('',(1.45084493225488E-34,-7.8901430294647E-21,1.));
#2167=DIRECTION('',(0.,-1.,-7.8901430294647E-21));
#2168=DIRECTION('',(1.45084493225488E-34,-7.8901430294647E-21,1.));
#2169=DIRECTION('',(0.,-1.,-7.8901430294647E-21));
#2170=DIRECTION('',(1.,1.84879371771356E-14,7.87975421869283E-37));
#2171=DIRECTION('',(-1.84879371771356E-14,1.,7.8901430294647E-21));
#2172=DIRECTION('',(1.,1.84879371771356E-14,7.87975421869283E-37));
#2173=DIRECTION('',(1.45084493225488E-34,-7.8901430294647E-21,1.));
#2174=DIRECTION('',(0.,-1.,-7.8901430294647E-21));
#2175=DIRECTION('',(-1.,-1.84879371771356E-14,0.));
#2176=DIRECTION('',(-1.84879371771356E-14,1.,0.));
#2177=DIRECTION('',(1.45872468647357E-34,-7.8901430294647E-21,1.));
#2178=DIRECTION('',(-1.84879371771356E-14,1.,7.8901430294647E-21));
#2179=DIRECTION('',(1.45872468647357E-34,-7.8901430294647E-21,1.));
#2180=DIRECTION('',(1.45084493225488E-34,-7.8901430294647E-21,1.));
#2181=DIRECTION('',(0.,-1.,-7.8901430294647E-21));
#2182=DIRECTION('',(1.,1.84879371771356E-14,7.87975421869183E-37));
#2183=DIRECTION('',(1.45084493225488E-34,-7.8901430294647E-21,1.));
#2184=DIRECTION('',(0.,-1.,-7.8901430294647E-21));
#2185=DIRECTION('',(1.45084493225488E-34,-7.8901430294647E-21,1.));
#2186=DIRECTION('',(0.,-1.,-7.8901430294647E-21));
#2187=DIRECTION('',(1.,1.84879371771356E-14,7.87975421869183E-37));
#2188=DIRECTION('',(1.84879371771356E-14,-1.,-7.8901430294647E-21));
#2189=DIRECTION('',(1.,1.84879371771356E-14,1.45872468647357E-34));
#2190=DIRECTION('',(1.84879371771356E-14,-1.,-7.8901430294647E-21));
#2191=DIRECTION('',(-1.,-1.84879371771356E-14,0.));
#2192=DIRECTION('',(1.84879371771356E-14,-1.,-7.8901430294647E-21));
#2193=DIRECTION('',(-1.,-1.84879371771356E-14,0.));
#2194=DIRECTION('',(1.84879371771356E-14,-1.,-7.8901430294647E-21));
#2195=DIRECTION('',(-1.,-1.84879371771356E-14,0.));
#2196=DIRECTION('',(1.84879371771356E-14,-1.,-7.8901430294647E-21));
#2197=DIRECTION('',(-1.,-1.84879371771356E-14,0.));
#2198=DIRECTION('',(1.84879371771356E-14,-1.,-7.8901430294647E-21));
#2199=DIRECTION('',(-1.,-1.84879371771356E-14,0.));
#2200=DIRECTION('',(1.84879371771356E-14,-1.,-7.8901430294647E-21));
#2201=DIRECTION('',(-1.,-1.84879371771356E-14,0.));
#2202=DIRECTION('',(1.47324219536001E-34,-7.8901430294647E-21,1.));
#2203=DIRECTION('',(1.47324219536001E-34,-7.8901430294647E-21,1.));
#2204=DIRECTION('',(1.47324219536001E-34,-7.8901430294647E-21,1.));
#2205=DIRECTION('',(1.47324219536001E-34,-7.8901430294647E-21,1.));
#2206=DIRECTION('',(1.84879371771356E-14,-1.,-7.8901430294647E-21));
#2207=DIRECTION('',(1.,1.84879371771356E-14,1.45872468647357E-34));
#2208=DIRECTION('',(-1.84879371771356E-14,1.,7.8901430294647E-21));
#2209=DIRECTION('',(1.,1.84879371771356E-14,0.));
#2210=DIRECTION('',(-1.84879371771356E-14,1.,7.8901430294647E-21));
#2211=DIRECTION('',(1.,1.84879371771356E-14,0.));
#2212=DIRECTION('',(-1.84879371771356E-14,1.,7.8901430294647E-21));
#2213=DIRECTION('',(1.,1.84879371771356E-14,0.));
#2214=DIRECTION('',(-1.84879371771356E-14,1.,7.8901430294647E-21));
#2215=DIRECTION('',(1.,1.84879371771356E-14,0.));
#2216=DIRECTION('',(-1.84879371771356E-14,1.,7.8901430294647E-21));
#2217=DIRECTION('',(1.,1.84879371771356E-14,0.));
#2218=DIRECTION('',(-1.84879371771356E-14,1.,7.8901430294647E-21));
#2219=DIRECTION('',(1.,1.84879371771356E-14,0.));
#2220=DIRECTION('',(1.47324219536001E-34,-7.8901430294647E-21,1.));
#2221=DIRECTION('',(1.47324219536001E-34,-7.8901430294647E-21,1.));
#2222=DIRECTION('',(1.47324219536001E-34,-7.8901430294647E-21,1.));
#2223=DIRECTION('',(1.47324219536001E-34,-7.8901430294647E-21,1.));
#2224=DIRECTION('',(-1.4646589454962E-34,7.91516548320815E-21,-1.));
#2225=DIRECTION('',(0.,1.,7.91516548320815E-21));
#2226=DIRECTION('',(-1.4646589454962E-34,7.91516548320815E-21,-1.));
#2227=DIRECTION('',(0.,1.,7.91516548320815E-21));
#2228=DIRECTION('',(-1.86719326868777E-14,1.,7.91516548320815E-21));
#2229=DIRECTION('',(-1.,-1.86719326868777E-14,2.78412990634604E-50));
#2230=DIRECTION('',(-1.86719326868777E-14,1.,0.));
#2231=DIRECTION('',(-1.86719326868777E-14,1.,7.91516548320815E-21));
#2232=DIRECTION('',(-1.4646589454962E-34,7.91516548320815E-21,-1.));
#2233=DIRECTION('',(0.,1.,7.91516548320815E-21));
#2234=DIRECTION('',(-1.4646589454962E-34,7.91516548320815E-21,-1.));
#2235=DIRECTION('',(0.,1.,7.91516548320815E-21));
#2236=DIRECTION('',(1.,1.86719326868777E-14,-2.78412990634604E-50));
#2237=DIRECTION('',(1.86719326868777E-14,-1.,0.));
#2238=DIRECTION('',(-1.86719326868777E-14,1.,7.91516548320815E-21));
#2239=DIRECTION('',(1.,1.86719326868777E-14,-2.78412990634604E-50));
#2240=DIRECTION('',(1.86719326868777E-14,-1.,0.));
#2241=DIRECTION('',(-1.86719326868777E-14,1.,7.91516548320815E-21));
#2242=DIRECTION('',(1.37306233799625E-34,-7.91516548320815E-21,1.));
#2243=DIRECTION('',(0.,-1.,-7.91516548320815E-21));
#2244=DIRECTION('',(1.46775629234082E-34,-7.91516548320815E-21,1.));
#2245=DIRECTION('',(0.,-1.,-7.91516548320815E-21));
#2246=DIRECTION('',(-1.86719326868777E-14,1.,7.91516548320815E-21));
#2247=DIRECTION('',(-1.86719326868777E-14,1.,7.91516548320815E-21));
#2248=DIRECTION('',(1.,1.86719326868777E-14,-1.90628953404094E-16));
#2249=DIRECTION('',(1.86719326868777E-14,-1.,0.));
#2250=DIRECTION('',(1.,1.86719326868777E-14,-2.78412990634604E-50));
#2251=DIRECTION('',(1.86719326868777E-14,-1.,0.));
#2252=DIRECTION('',(1.84664111958822E-14,-1.,-7.91516547586517E-21));
#2253=DIRECTION('',(-1.,-1.84664111958822E-14,0.));
#2254=DIRECTION('',(1.84664111958822E-14,-1.,-7.91516547586517E-21));
#2255=DIRECTION('',(-1.,-1.84664111958822E-14,0.));
#2256=DIRECTION('',(-1.84664111958822E-14,1.,7.91516547586517E-21));
#2257=DIRECTION('',(1.,1.84664111958822E-14,0.));
#2258=DIRECTION('',(-1.84664111958822E-14,1.,7.91516547586517E-21));
#2259=DIRECTION('',(1.,1.84664111958822E-14,0.));
#2260=DIRECTION('',(1.84664111958822E-14,-1.,-7.91516547586517E-21));
#2261=DIRECTION('',(-1.,-1.84664111958822E-14,0.));
#2262=DIRECTION('',(1.84664111958822E-14,-1.,-7.91516547586517E-21));
#2263=DIRECTION('',(-1.,-1.84664111958822E-14,0.));
#2264=DIRECTION('',(-1.84664111958822E-14,1.,7.91516547586517E-21));
#2265=DIRECTION('',(1.,1.84664111958822E-14,0.));
#2266=DIRECTION('',(-1.84664111958822E-14,1.,7.91516547586517E-21));
#2267=DIRECTION('',(1.,1.84664111958822E-14,0.));
#2268=DIRECTION('',(-1.86719326868777E-14,1.,7.91516548320815E-21));
#2269=DIRECTION('',(1.,1.86719326868777E-14,0.));
#2270=DIRECTION('',(-1.,-2.05298903699341E-14,3.69537827362733E-14));
#2271=DIRECTION('',(3.69537827362733E-14,0.,1.));
#2272=DIRECTION('',(3.59272995358297E-14,7.37583122971147E-28,1.));
#2273=DIRECTION('',(1.,0.,-3.59272995358297E-14));
#2274=DIRECTION('',(3.57285466647663E-14,-7.91516481608713E-21,1.));
#2275=DIRECTION('',(1.,0.,-3.57285466647663E-14));
#2276=DIRECTION('',(3.28478068766873E-14,6.74361510380095E-28,1.));
#2277=DIRECTION('',(1.,0.,-3.28478068766873E-14));
#2278=DIRECTION('',(1.,1.86719326868777E-14,-3.57285466647663E-14));
#2279=DIRECTION('',(-3.57285466647663E-14,0.,-1.));
#2280=DIRECTION('',(-1.,-1.64239034383436E-14,3.69537827362733E-14));
#2281=DIRECTION('',(3.69537827362733E-14,0.,1.));
#2282=DIRECTION('',(-1.86719326868777E-14,1.,7.91516548320815E-21));
#2283=DIRECTION('',(1.,1.86719326868777E-14,0.));
#2284=DIRECTION('',(-1.,-2.05298792979297E-14,4.10597708980919E-14));
#2285=DIRECTION('',(4.10597708980919E-14,0.,1.));
#2286=DIRECTION('',(-1.86719326868777E-14,1.,7.91516548320815E-21));
#2287=DIRECTION('',(1.,1.86719326868777E-14,0.));
#2288=DIRECTION('',(3.28478068766873E-14,-9.84178186048701E-21,1.));
#2289=DIRECTION('',(1.,0.,-3.28478068766873E-14));
#2290=DIRECTION('',(-1.,-1.86719326868777E-14,3.57285466647663E-14));
#2291=DIRECTION('',(3.57285466647663E-14,0.,1.));
#2292=DIRECTION('',(-1.,-2.05298792979297E-14,3.69537827362735E-14));
#2293=DIRECTION('',(3.69537827362735E-14,0.,1.));
#2294=DIRECTION('',(-3.57285466647663E-14,7.91516481608713E-21,-1.));
#2295=DIRECTION('',(-1.,0.,3.57285466647663E-14));
#2296=DIRECTION('',(3.28478068766873E-14,6.74361510380095E-28,1.));
#2297=DIRECTION('',(1.,0.,-3.28478068766873E-14));
#2298=DIRECTION('',(-1.86719326868777E-14,1.,7.91516548320815E-21));
#2299=DIRECTION('',(1.,1.86719326868777E-14,0.));
#2300=DIRECTION('',(-1.84879371771356E-14,1.,7.8901430294647E-21));
#2301=DIRECTION('',(1.,1.84879371771356E-14,0.));
#2302=DIRECTION('',(-1.84879371771356E-14,1.,7.8901430294647E-21));
#2303=DIRECTION('',(1.,1.84879371771356E-14,0.));
#2304=DIRECTION('',(-1.84879371771356E-14,1.,7.8901430294647E-21));
#2305=DIRECTION('',(1.,1.84879371771356E-14,0.));
#2306=DIRECTION('',(-1.84879371771356E-14,1.,7.8901430294647E-21));
#2307=DIRECTION('',(1.,1.84879371771356E-14,0.));
#2308=DIRECTION('',(-1.84879371771356E-14,1.,7.8901430294647E-21));
#2309=DIRECTION('',(1.,1.84879371771356E-14,0.));
#2310=DIRECTION('',(-1.84879371771356E-14,1.,7.8901430294647E-21));
#2311=DIRECTION('',(1.,1.84879371771356E-14,0.));
#2312=DIRECTION('',(1.4779143710796E-34,-7.91516548320815E-21,1.));
#2313=DIRECTION('',(0.,-1.,-7.91516548320815E-21));
#2314=DIRECTION('',(1.4779143710796E-34,-7.91516548320815E-21,1.));
#2315=DIRECTION('',(0.,-1.,-7.91516548320815E-21));
#2316=DIRECTION('',(-1.4779143710796E-34,7.91516548320815E-21,-1.));
#2317=DIRECTION('',(0.,1.,7.91516548320815E-21));
#2318=DIRECTION('',(1.47324219536001E-34,-7.8901430294647E-21,1.));
#2319=DIRECTION('',(0.,-1.,-7.8901430294647E-21));
#2320=DIRECTION('',(1.47324219536001E-34,-7.8901430294647E-21,1.));
#2321=DIRECTION('',(0.,-1.,-7.8901430294647E-21));
#2322=DIRECTION('',(-1.47324219536001E-34,7.8901430294647E-21,-1.));
#2323=DIRECTION('',(0.,1.,7.8901430294647E-21));
#2324=DIRECTION('',(-1.47324219536001E-34,7.8901430294647E-21,-1.));
#2325=DIRECTION('',(0.,1.,7.8901430294647E-21));
#2326=DIRECTION('',(1.47324219536001E-34,-7.8901430294647E-21,1.));
#2327=DIRECTION('',(0.,-1.,-7.8901430294647E-21));
#2328=DIRECTION('',(1.47324219536001E-34,-7.8901430294647E-21,1.));
#2329=DIRECTION('',(0.,-1.,-7.8901430294647E-21));
#2330=DIRECTION('',(-1.47324219536001E-34,7.8901430294647E-21,-1.));
#2331=DIRECTION('',(0.,1.,7.8901430294647E-21));
#2332=DIRECTION('',(-1.47324219536001E-34,7.8901430294647E-21,-1.));
#2333=DIRECTION('',(0.,1.,7.8901430294647E-21));
#2334=CARTESIAN_POINT('',(0.,0.,0.));
#2335=CARTESIAN_POINT('',(0.00187413796782553,-0.0569999999999974,0.0712440595636601));
#2336=CARTESIAN_POINT('',(0.0468868271702523,-0.0569999999999965,0.0282440595636601));
#2337=CARTESIAN_POINT('',(0.0465741379678208,-0.0569999999999966,0.0282440595636601));
#2338=CARTESIAN_POINT('',(0.0421995163726827,-0.0569999999999966,0.0282440595636601));
#2339=CARTESIAN_POINT('',(0.0465741379678208,-0.0569999999999966,0.0712440595636601));
#2340=CARTESIAN_POINT('',(0.0465741379678208,-0.0569999999999966,0.00574405956366012));
#2341=CARTESIAN_POINT('',(0.0539741379678208,-0.0569999999999964,0.00574405956366012));
#2342=CARTESIAN_POINT('',(0.0563741379678208,-0.0569999999999964,0.00574405956366009));
#2343=CARTESIAN_POINT('',(0.0563741379678208,-0.0569999999999964,0.0382440595636601));
#2344=CARTESIAN_POINT('',(0.0563741379678208,-0.0569999999999964,0.0707440595636601));
#2345=CARTESIAN_POINT('',(0.0539741379678208,-0.0569999999999964,0.0707440595636601));
#2346=CARTESIAN_POINT('',(0.0465741379678208,-0.0569999999999966,0.0707440595636601));
#2347=CARTESIAN_POINT('',(0.0465741379678208,-0.0569999999999966,0.0712440595636601));
#2348=CARTESIAN_POINT('',(0.0465741379678208,-0.0569999999999966,0.0482440595636601));
#2349=CARTESIAN_POINT('',(0.0468868271702523,-0.0569999999999965,0.0482440595636601));
#2350=CARTESIAN_POINT('',(0.0421995163726827,-0.0569999999999966,0.0482440595636601));
#2351=CARTESIAN_POINT('',(0.0421995163726827,-0.0569999999999966,0.0382440595636601));
#2352=CARTESIAN_POINT('',(-0.0428258620321734,-0.0569999999999982,0.0707440595636601));
#2353=CARTESIAN_POINT('',(-0.0428258620321734,-0.0569999999999982,0.00574405956366012));
#2354=CARTESIAN_POINT('',(-0.0428258620321734,-0.0569999999999982,0.0707440595636601));
#2355=CARTESIAN_POINT('',(-0.0502258620321734,-0.0569999999999984,0.0707440595636601));
#2356=CARTESIAN_POINT('',(-0.0526258620321752,-0.0569999999999984,0.0707440595636601));
#2357=CARTESIAN_POINT('',(-0.0526258620321734,-0.0569999999999984,0.0382440595636599));
#2358=CARTESIAN_POINT('',(-0.0526258620321734,-0.0569999999999984,0.00574405956366009));
#2359=CARTESIAN_POINT('',(-0.0502258620321734,-0.0569999999999984,0.00574405956366012));
#2360=CARTESIAN_POINT('',(-0.0367320836273173,-0.0569999999999981,0.0618084595636613));
#2361=CARTESIAN_POINT('',(-0.0337320836273173,-0.056999999999998,0.0618084595636613));
#2362=CARTESIAN_POINT('',(0.0256995163726827,-0.0569999999999969,0.0169940595636612));
#2363=CARTESIAN_POINT('',(0.0286995163726827,-0.0569999999999968,0.0169940595636612));
#2364=CARTESIAN_POINT('',(-0.0366812836273173,-0.0569999999999981,0.0167996595636612));
#2365=CARTESIAN_POINT('',(-0.0336812836273173,-0.056999999999998,0.0167996595636612));
#2366=CARTESIAN_POINT('',(0.00187413796782318,-0.0569999999999974,0.00524405956366012));
#2367=CARTESIAN_POINT('',(-0.0514359125385157,-0.0569999999999984,0.00524405956366203));
#2368=CARTESIAN_POINT('',(0.055184188474162,-0.0569999999999964,0.00524405956365822));
#2369=CARTESIAN_POINT('',(-0.0514359125385156,-0.0569999999999984,0.00693400905732319));
#2370=CARTESIAN_POINT('',(-0.0531258620321768,-0.0569999999999984,0.00693400905732325));
#2371=CARTESIAN_POINT('',(-0.0531258620321745,-0.0569999999999984,0.0712440595636621));
#2372=CARTESIAN_POINT('',(-0.0531258620321745,-0.0569999999999984,0.0695541100700009));
#2373=CARTESIAN_POINT('',(-0.0514359125385134,-0.0569999999999984,0.0695541100700009));
#2374=CARTESIAN_POINT('',(-0.0514359125385133,-0.0569999999999984,0.071244059563662));
#2375=CARTESIAN_POINT('',(0.00187413796782553,-0.0569999999999974,0.0712440595636601));
#2376=CARTESIAN_POINT('',(0.0551841884741644,-0.0569999999999964,0.0712440595636582));
#2377=CARTESIAN_POINT('',(0.0551841884741643,-0.0569999999999964,0.0695541100699971));
#2378=CARTESIAN_POINT('',(0.0568741379678255,-0.0569999999999964,0.069554110069997));
#2379=CARTESIAN_POINT('',(0.0568741379678255,-0.0569999999999964,0.0712440595636582));
#2380=CARTESIAN_POINT('',(0.0568741379678232,-0.0569999999999964,0.00693400905731932));
#2381=CARTESIAN_POINT('',(0.0551841884741621,-0.0569999999999964,0.00693400905731938));
#2382=CARTESIAN_POINT('',(0.0262995163726857,-0.0569999999999969,0.0688440595636586));
#2383=CARTESIAN_POINT('',(0.0192995163726857,-0.0569999999999971,0.0688440595636586));
#2384=CARTESIAN_POINT('',(0.0332995163726858,-0.0569999999999968,0.068844059563659));
#2385=CARTESIAN_POINT('',(0.0192995163726857,-0.0569999999999971,0.0665690595636599));
#2386=CARTESIAN_POINT('',(0.0192995163726857,-0.0569999999999971,0.0642940595636612));
#2387=CARTESIAN_POINT('',(0.0326995163726858,-0.0569999999999968,0.0642940595636612));
#2388=CARTESIAN_POINT('',(0.0332995163726858,-0.0569999999999968,0.0642940595636612));
#2389=CARTESIAN_POINT('',(0.0332995163726858,-0.0569999999999968,0.0665690595636599));
#2390=CARTESIAN_POINT('',(-0.00375048362731424,-0.0569999999999975,0.0665690595636607));
#2391=CARTESIAN_POINT('',(-0.00375048362731424,-0.0569999999999975,0.0688440595636603));
#2392=CARTESIAN_POINT('',(-0.00375048362731424,-0.0569999999999975,0.0642940595636612));
#2393=CARTESIAN_POINT('',(0.00324951637268576,-0.0569999999999974,0.0642940595636612));
#2394=CARTESIAN_POINT('',(0.0102495163726858,-0.0569999999999972,0.0642940595636612));
#2395=CARTESIAN_POINT('',(0.0102495163726858,-0.0569999999999972,0.0665690595636607));
#2396=CARTESIAN_POINT('',(0.0102495163726858,-0.0569999999999972,0.0688440595636601));
#2397=CARTESIAN_POINT('',(0.00324951637268576,-0.0569999999999974,0.0688440595636601));
#2398=CARTESIAN_POINT('',(0.00187413796782558,-0.0593999999999974,0.0712440595636601));
#2399=CARTESIAN_POINT('',(0.0515741379678209,-0.0593999999999965,0.0712440595636601));
#2400=CARTESIAN_POINT('',(0.0515741379678209,-0.0593999999999965,0.0282440595636601));
#2401=CARTESIAN_POINT('',(0.0515741379678209,-0.0593999999999965,0.0482440595636601));
#2402=CARTESIAN_POINT('',(0.00187413796782558,-0.0593999999999974,0.0282440595636601));
#2403=CARTESIAN_POINT('',(0.0421995163726828,-0.0593999999999966,0.0282440595636601));
#2404=CARTESIAN_POINT('',(0.0421995163726828,-0.0593999999999966,0.0712440595636601));
#2405=CARTESIAN_POINT('',(0.0421995163726828,-0.0593999999999965,0.0482440595636601));
#2406=CARTESIAN_POINT('',(0.00187413796782558,-0.0593999999999974,0.0482440595636601));
#2407=CARTESIAN_POINT('',(-0.00375048362731419,-0.0593999999999975,0.0712440595636601));
#2408=CARTESIAN_POINT('',(-0.00375048362731419,-0.0593999999999975,0.0688440595636603));
#2409=CARTESIAN_POINT('',(-0.00375048362731419,-0.0593999999999975,0.0642940595636612));
#2410=CARTESIAN_POINT('',(0.00187413796782549,-0.0593999999999974,0.0688440595636601));
#2411=CARTESIAN_POINT('',(-0.0507258620321745,-0.0593999999999984,0.068844059563662));
#2412=CARTESIAN_POINT('',(-0.0507258620321744,-0.0593999999999984,0.071244059563662));
#2413=CARTESIAN_POINT('',(-0.0507258620321767,-0.0593999999999984,0.007644059563662));
#2414=CARTESIAN_POINT('',(0.0018741379678233,-0.0593999999999974,0.00764405956366013));
#2415=CARTESIAN_POINT('',(0.0544741379678233,-0.0593999999999964,0.00764405956365824));
#2416=CARTESIAN_POINT('',(0.0544741379678256,-0.0593999999999964,0.0712440595636582));
#2417=CARTESIAN_POINT('',(0.0544741379678255,-0.0593999999999964,0.0688440595636582));
#2418=CARTESIAN_POINT('',(0.00187413796782549,-0.0593999999999974,0.0688440595636601));
#2419=CARTESIAN_POINT('',(0.0332995163726858,-0.0593999999999968,0.068844059563659));
#2420=CARTESIAN_POINT('',(0.0332995163726858,-0.0593999999999968,0.0712440595636601));
#2421=CARTESIAN_POINT('',(0.0332995163726858,-0.0593999999999969,0.0642940595636612));
#2422=CARTESIAN_POINT('',(0.00187413796782558,-0.0593999999999974,0.0642940595636612));
#2423=CARTESIAN_POINT('',(0.0192995163726857,-0.0593999999999971,0.0642940595636612));
#2424=CARTESIAN_POINT('',(0.0192995163726858,-0.0593999999999971,0.0712440595636601));
#2425=CARTESIAN_POINT('',(0.0192995163726858,-0.0593999999999971,0.0688440595636586));
#2426=CARTESIAN_POINT('',(0.00187413796782549,-0.0593999999999974,0.0688440595636601));
#2427=CARTESIAN_POINT('',(0.0102495163726858,-0.0593999999999972,0.0688440595636601));
#2428=CARTESIAN_POINT('',(0.0102495163726858,-0.0593999999999972,0.0712440595636601));
#2429=CARTESIAN_POINT('',(0.0102495163726858,-0.0593999999999972,0.0642940595636612));
#2430=CARTESIAN_POINT('',(0.00187413796782558,-0.0593999999999974,0.0642940595636612));
#2431=CARTESIAN_POINT('',(0.00187413796782669,-0.118999999999997,0.0712440595636601));
#2432=CARTESIAN_POINT('',(-0.0514359125385122,-0.118999999999998,0.069554109563662));
#2433=CARTESIAN_POINT('',(0.0551841884741655,-0.118999999999996,0.0695541095636582));
#2434=CARTESIAN_POINT('',(-0.0514359125385122,-0.118999999999998,0.069554109563662));
#2435=CARTESIAN_POINT('',(-0.0514359120321733,-0.118999999999998,0.071244059563662));
#2436=CARTESIAN_POINT('',(-0.0514359125385144,-0.118999999999998,0.00693400956366203));
#2437=CARTESIAN_POINT('',(0.00187413796782438,-0.118999999999997,0.00693400956366012));
#2438=CARTESIAN_POINT('',(0.0551841879678244,-0.118999999999996,0.00693400905731938));
#2439=CARTESIAN_POINT('',(0.0551841879678266,-0.118999999999996,0.0695541100699971));
#2440=CARTESIAN_POINT('',(0.00187413796782441,-0.118999999999997,0.00764405956366013));
#2441=CARTESIAN_POINT('',(-0.0507258620321756,-0.118999999999998,0.007644059563662));
#2442=CARTESIAN_POINT('',(0.0544741379678244,-0.118999999999996,0.00764405956365824));
#2443=CARTESIAN_POINT('',(-0.0507258620321733,-0.118999999999998,0.071244059563662));
#2444=CARTESIAN_POINT('',(-0.0507258620321734,-0.118999999999998,0.068844059563662));
#2445=CARTESIAN_POINT('',(0.0018741379678266,-0.118999999999997,0.0688440595636601));
#2446=CARTESIAN_POINT('',(0.0544741379678266,-0.118999999999996,0.0688440595636582));
#2447=CARTESIAN_POINT('',(0.0544741379678267,-0.118999999999996,0.0712440595636582));
#2448=CARTESIAN_POINT('',(-0.0531258620321739,-0.0879999999999984,0.0712440595636621));
#2449=CARTESIAN_POINT('',(-0.0531258620321746,-0.0818,0.0537440595636621));
#2450=CARTESIAN_POINT('',(-0.0531258620321745,-0.0818,0.0554940595636621));
#2451=CARTESIAN_POINT('',(-0.0531258620321741,-0.1128,0.0537440595636621));
#2452=CARTESIAN_POINT('',(-0.053125862032174,-0.1128,0.0554940595636621));
#2453=CARTESIAN_POINT('',(-0.0531258620321752,-0.1128,0.0227440595636621));
#2454=CARTESIAN_POINT('',(-0.0531258620321751,-0.1128,0.0244940595636621));
#2455=CARTESIAN_POINT('',(-0.0531258620321757,-0.0818,0.0227440595636621));
#2456=CARTESIAN_POINT('',(-0.0531258620321756,-0.0818,0.0244940595636621));
#2457=CARTESIAN_POINT('',(-0.0531258620321749,-0.0973,0.0382440595636619));
#2458=CARTESIAN_POINT('',(-0.0531258620321745,-0.0973,0.0497440595636619));
#2459=CARTESIAN_POINT('',(-0.0531258620321762,-0.0879999999999984,0.00693400905732325));
#2460=CARTESIAN_POINT('',(-0.0531258620321756,-0.117310049999998,0.00693400905732325));
#2461=CARTESIAN_POINT('',(-0.0531258620321733,-0.117310049999998,0.0712440595636621));
#2462=CARTESIAN_POINT('',(-0.0531258620321734,-0.117310049999998,0.0695541100700009));
#2463=CARTESIAN_POINT('',(-0.0531258620321745,-0.0569999999999984,0.0695541100700009));
#2464=CARTESIAN_POINT('',(0.0568741379678261,-0.0879999999999964,0.0712440595636582));
#2465=CARTESIAN_POINT('',(0.0568741379678254,-0.0817999999999986,0.0537440595636582));
#2466=CARTESIAN_POINT('',(0.0568741379678253,-0.0817999999999986,0.0519940595636582));
#2467=CARTESIAN_POINT('',(0.056874137967826,-0.112799999999999,0.0537440595636582));
#2468=CARTESIAN_POINT('',(0.0568741379678259,-0.112799999999999,0.0519940595636582));
#2469=CARTESIAN_POINT('',(0.0568741379678248,-0.112799999999999,0.0227440595636582));
#2470=CARTESIAN_POINT('',(0.0568741379678247,-0.112799999999999,0.0209940595636582));
#2471=CARTESIAN_POINT('',(0.0568741379678243,-0.0817999999999986,0.0227440595636582));
#2472=CARTESIAN_POINT('',(0.0568741379678242,-0.0817999999999986,0.0209940595636582));
#2473=CARTESIAN_POINT('',(0.0568741379678251,-0.0972999999999985,0.038244059563658));
#2474=CARTESIAN_POINT('',(0.0568741379678247,-0.0972999999999985,0.026744059563658));
#2475=CARTESIAN_POINT('',(0.0568741379678261,-0.0879999999999964,0.069554110069997));
#2476=CARTESIAN_POINT('',(0.0568741379678266,-0.117310049999996,0.069554110069997));
#2477=CARTESIAN_POINT('',(0.0568741379678244,-0.117310049999996,0.00693400905731932));
#2478=CARTESIAN_POINT('',(0.0568741379678244,-0.117310049999996,0.00693400905731932));
#2479=CARTESIAN_POINT('',(0.0568741379678232,-0.0569999999999964,0.00693400905731932));
#2480=CARTESIAN_POINT('',(0.00187413796782465,-0.0399999999999974,0.0712440595636601));
#2481=CARTESIAN_POINT('',(-0.0514359125385122,-0.118999999999998,0.071244059563662));
#2482=CARTESIAN_POINT('',(-0.0514359125385122,-0.117310049999998,0.071244059563662));
#2483=CARTESIAN_POINT('',(0.0551841884741655,-0.117310049999996,0.0712440595636582));
#2484=CARTESIAN_POINT('',(0.0551841884741655,-0.117310049999996,0.0712440595636582));
#2485=CARTESIAN_POINT('',(0.0551841884741641,-0.0399999999999964,0.0712440595636582));
#2486=CARTESIAN_POINT('',(0.00187413796782229,-0.0399999999999974,0.00524405956366012));
#2487=CARTESIAN_POINT('',(0.0551841884741632,-0.118999999999996,0.00524405956365822));
#2488=CARTESIAN_POINT('',(0.0551841884741631,-0.117310049999996,0.00524405956365822));
#2489=CARTESIAN_POINT('',(0.00187413796782373,-0.117310049999997,0.00524405956366012));
#2490=CARTESIAN_POINT('',(-0.0514359125385145,-0.117310049999998,0.00524405956366203));
#2491=CARTESIAN_POINT('',(-0.051435912538516,-0.0399999999999983,0.00524405956366203));
#2492=CARTESIAN_POINT('',(-0.0507258620321739,-0.0879999999999983,0.071244059563662));
#2493=CARTESIAN_POINT('',(-0.0507258620321746,-0.0818,0.053744059563662));
#2494=CARTESIAN_POINT('',(-0.0507258620321747,-0.0818,0.051994059563662));
#2495=CARTESIAN_POINT('',(-0.0507258620321741,-0.1128,0.053744059563662));
#2496=CARTESIAN_POINT('',(-0.0507258620321742,-0.1128,0.051994059563662));
#2497=CARTESIAN_POINT('',(-0.0507258620321752,-0.1128,0.022744059563662));
#2498=CARTESIAN_POINT('',(-0.0507258620321753,-0.1128,0.020994059563662));
#2499=CARTESIAN_POINT('',(-0.0507258620321757,-0.0818,0.022744059563662));
#2500=CARTESIAN_POINT('',(-0.0507258620321758,-0.0818,0.020994059563662));
#2501=CARTESIAN_POINT('',(-0.0507258620321749,-0.0973,0.0382440595636618));
#2502=CARTESIAN_POINT('',(-0.0507258620321753,-0.0973,0.0267440595636618));
#2503=CARTESIAN_POINT('',(-0.0507258620321762,-0.0879999999999983,0.007644059563662));
#2504=CARTESIAN_POINT('',(-0.050725862032174,-0.0879999999999983,0.068844059563662));
#2505=CARTESIAN_POINT('',(0.0544741379678261,-0.0879999999999964,0.0712440595636582));
#2506=CARTESIAN_POINT('',(0.0544741379678254,-0.0817999999999986,0.0537440595636583));
#2507=CARTESIAN_POINT('',(0.0544741379678253,-0.0817999999999986,0.0519940595636583));
#2508=CARTESIAN_POINT('',(0.054474137967826,-0.112799999999999,0.0537440595636583));
#2509=CARTESIAN_POINT('',(0.0544741379678259,-0.112799999999999,0.0519940595636583));
#2510=CARTESIAN_POINT('',(0.0544741379678248,-0.112799999999999,0.0227440595636582));
#2511=CARTESIAN_POINT('',(0.0544741379678247,-0.112799999999999,0.0209940595636582));
#2512=CARTESIAN_POINT('',(0.0544741379678243,-0.0817999999999986,0.0227440595636582));
#2513=CARTESIAN_POINT('',(0.0544741379678242,-0.0817999999999986,0.0209940595636582));
#2514=CARTESIAN_POINT('',(0.0544741379678251,-0.0972999999999985,0.038244059563658));
#2515=CARTESIAN_POINT('',(0.0544741379678247,-0.0972999999999985,0.026744059563658));
#2516=CARTESIAN_POINT('',(0.0544741379678239,-0.0879999999999964,0.00764405956365824));
#2517=CARTESIAN_POINT('',(0.054474137967826,-0.0879999999999964,0.0688440595636582));
#2518=CARTESIAN_POINT('',(0.00187413796782456,-0.0399999999999974,0.0688440595636601));
#2519=CARTESIAN_POINT('',(-0.00375048362731418,-0.0599999999999975,0.0688440595636603));
#2520=CARTESIAN_POINT('',(0.0102495163726858,-0.0599999999999972,0.0688440595636601));
#2521=CARTESIAN_POINT('',(0.0192995163726858,-0.0599999999999971,0.0688440595636586));
#2522=CARTESIAN_POINT('',(0.0332995163726858,-0.0599999999999968,0.068844059563659));
#2523=CARTESIAN_POINT('',(0.00187413796782238,-0.0399999999999974,0.00764405956366012));
#2524=CARTESIAN_POINT('',(0.0630741379678251,-0.0972999999999984,0.0382440595636577));
#2525=CARTESIAN_POINT('',(0.0630741379678243,-0.0817999999999985,0.022744059563658));
#2526=CARTESIAN_POINT('',(0.0630741379678248,-0.112799999999998,0.022744059563658));
#2527=CARTESIAN_POINT('',(0.063074137967826,-0.112799999999998,0.053744059563658));
#2528=CARTESIAN_POINT('',(0.0630741379678254,-0.0817999999999985,0.053744059563658));
#2529=CARTESIAN_POINT('',(0.0630741379678251,-0.0972999999999984,0.0382440595636577));
#2530=CARTESIAN_POINT('',(0.0630741379678243,-0.0817999999999985,0.022744059563658));
#2531=CARTESIAN_POINT('',(0.0630741379678248,-0.112799999999998,0.022744059563658));
#2532=CARTESIAN_POINT('',(0.063074137967826,-0.112799999999998,0.053744059563658));
#2533=CARTESIAN_POINT('',(0.0630741379678254,-0.0817999999999985,0.053744059563658));
#2534=CARTESIAN_POINT('',(-0.0366812836273174,-0.050508,0.0167996595636612));
#2535=CARTESIAN_POINT('',(-0.0366812836273174,-0.0505100000000021,0.0167996595636612));
#2536=CARTESIAN_POINT('',(-0.0336812836273174,-0.0505100000000021,0.0167996595636612));
#2537=CARTESIAN_POINT('',(-0.126800483627318,-0.0505100000000021,-0.0280059404363387));
#2538=CARTESIAN_POINT('',(-0.0366812836273184,-0.0505100000000021,0.0167996595636612));
#2539=CARTESIAN_POINT('',(-0.0352812836273184,-0.0505100000000021,0.0167996595636612));
#2540=CARTESIAN_POINT('',(0.0256995163726826,-0.0505079999999993,0.0169940595636612));
#2541=CARTESIAN_POINT('',(0.0256995163726826,-0.0505100000000021,0.0169940595636612));
#2542=CARTESIAN_POINT('',(0.0286995163726826,-0.0505100000000021,0.0169940595636612));
#2543=CARTESIAN_POINT('',(-0.126800483627318,-0.0505100000000021,-0.0280059404363387));
#2544=CARTESIAN_POINT('',(0.0256995163726816,-0.0505100000000021,0.0169940595636612));
#2545=CARTESIAN_POINT('',(0.0270995163726816,-0.0505100000000021,0.0169940595636612));
#2546=CARTESIAN_POINT('',(-0.0367320836273174,-0.050508,0.0618084595636613));
#2547=CARTESIAN_POINT('',(-0.0367320836273174,-0.0505100000000021,0.0618084595636613));
#2548=CARTESIAN_POINT('',(-0.0337320836273174,-0.0505100000000021,0.0618084595636613));
#2549=CARTESIAN_POINT('',(-0.126800483627318,-0.0505100000000021,-0.0280059404363387));
#2550=CARTESIAN_POINT('',(-0.0367320836273183,-0.0505100000000021,0.0618084595636613));
#2551=CARTESIAN_POINT('',(-0.0353320836273184,-0.0505100000000021,0.0618084595636613));
#2552=CARTESIAN_POINT('',(-0.0367320836273183,-0.0565100000000021,0.0618084595636613));
#2553=CARTESIAN_POINT('',(-0.0367320836273183,-0.0565100000000021,0.0618084595636613));
#2554=CARTESIAN_POINT('',(-0.0353320836273184,-0.0565100000000021,0.0618084595636613));
#2555=CARTESIAN_POINT('',(-0.00619088362731789,-0.0565100000000021,0.0386040595636613));
#2556=CARTESIAN_POINT('',(0.0256995163726816,-0.0565100000000021,0.0169940595636612));
#2557=CARTESIAN_POINT('',(0.0256995163726816,-0.0565100000000021,0.0169940595636612));
#2558=CARTESIAN_POINT('',(0.0270995163726816,-0.0565100000000021,0.0169940595636612));
#2559=CARTESIAN_POINT('',(-0.00619088362731789,-0.0565100000000021,0.0386040595636613));
#2560=CARTESIAN_POINT('',(-0.0366812836273184,-0.0565100000000021,0.0167996595636612));
#2561=CARTESIAN_POINT('',(-0.0366812836273184,-0.0565100000000021,0.0167996595636612));
#2562=CARTESIAN_POINT('',(-0.0352812836273184,-0.0565100000000021,0.0167996595636612));
#2563=CARTESIAN_POINT('',(-0.00619088362731789,-0.0565100000000021,0.0386040595636613));
#2564=CARTESIAN_POINT('',(0.00187413796782392,0.0360000000000026,0.0742440595636601));
#2565=CARTESIAN_POINT('',(0.0515741379678191,0.0360000000000035,0.0382440595636601));
#2566=CARTESIAN_POINT('',(0.0515741379678191,0.0360000000000035,0.00574405956366012));
#2567=CARTESIAN_POINT('',(0.0515741379678191,0.0360000000000036,0.0707440595636601));
#2568=CARTESIAN_POINT('',(0.0539741379678191,0.0360000000000036,0.0707440595636601));
#2569=CARTESIAN_POINT('',(0.0563741379678191,0.0360000000000036,0.0707440595636601));
#2570=CARTESIAN_POINT('',(0.0563741379678191,0.0360000000000036,0.0382440595636601));
#2571=CARTESIAN_POINT('',(0.0563741379678191,0.0360000000000036,0.00574405956366009));
#2572=CARTESIAN_POINT('',(0.0539741379678191,0.0360000000000036,0.00574405956366012));
#2573=CARTESIAN_POINT('',(0.056374137967819,0.0390020000000037,0.0382440595636601));
#2574=CARTESIAN_POINT('',(0.056374137967819,0.0390020000000037,0.00574405956366009));
#2575=CARTESIAN_POINT('',(0.056374137967819,0.0390020000000037,0.0707440595636601));
#2576=CARTESIAN_POINT('',(0.051574137967819,0.0390020000000036,0.0382440595636601));
#2577=CARTESIAN_POINT('',(0.051574137967819,0.0390020000000036,0.00574405956366012));
#2578=CARTESIAN_POINT('',(0.0515741379678197,0.00220000000000122,0.00574405956366012));
#2579=CARTESIAN_POINT('',(0.0515741379678207,-0.0519999999999965,0.00574405956366012));
#2580=CARTESIAN_POINT('',(0.0515741379678207,-0.0519999999999965,0.0382440595636601));
#2581=CARTESIAN_POINT('',(0.0515741379678207,-0.0519999999999965,0.0282440595636601));
#2582=CARTESIAN_POINT('',(0.0515741379678209,-0.0599999999999965,0.0282440595636601));
#2583=CARTESIAN_POINT('',(0.0515741379678209,-0.0599999999999965,0.0482440595636601));
#2584=CARTESIAN_POINT('',(0.0515741379678207,-0.0519999999999965,0.0482440595636601));
#2585=CARTESIAN_POINT('',(0.0515741379678207,-0.0519999999999965,0.0382440595636601));
#2586=CARTESIAN_POINT('',(0.0515741379678207,-0.0519999999999965,0.0707440595636601));
#2587=CARTESIAN_POINT('',(0.051574137967819,0.0390020000000036,0.0707440595636601));
#2588=CARTESIAN_POINT('',(0.0515741379678197,0.00220000000000122,0.0707440595636601));
#2589=CARTESIAN_POINT('',(0.0515741379678197,0.00220000000000122,0.0382440595636601));
#2590=CARTESIAN_POINT('',(0.0515741379678197,0.00220000000000122,0.0482440595636586));
#2591=CARTESIAN_POINT('',(0.0515741379678196,0.00720000000000122,0.0482440595636586));
#2592=CARTESIAN_POINT('',(0.0515741379678194,0.0170000000000012,0.0482440595636586));
#2593=CARTESIAN_POINT('',(0.0515741379678194,0.0170000000000012,0.0707440595636586));
#2594=CARTESIAN_POINT('',(0.0515741379678194,0.0170000000000012,0.0707440595636601));
#2595=CARTESIAN_POINT('',(0.051574137967819,0.0390020000000036,0.0707440595636601));
#2596=CARTESIAN_POINT('',(0.051574137967819,0.0390020000000036,0.00574405956366012));
#2597=CARTESIAN_POINT('',(0.0515741379678194,0.0170000000000012,0.00574405956366012));
#2598=CARTESIAN_POINT('',(0.0515741379678194,0.0170000000000012,0.0282440595636586));
#2599=CARTESIAN_POINT('',(0.0515741379678229,0.0170000000000012,0.0282440595636586));
#2600=CARTESIAN_POINT('',(0.0515741379678231,0.00720000000000122,0.0282440595636586));
#2601=CARTESIAN_POINT('',(0.0515741379678197,0.00220000000000122,0.0282440595636586));
#2602=CARTESIAN_POINT('',(0.0515741379678197,0.00220000000000122,0.0382440595636601));
#2603=CARTESIAN_POINT('',(0.00187413796782392,0.0360000000000026,0.0742440595636601));
#2604=CARTESIAN_POINT('',(-0.0502258620321751,0.0360000000000016,0.00574405956366012));
#2605=CARTESIAN_POINT('',(-0.0526258620321751,0.0360000000000016,0.00574405956366009));
#2606=CARTESIAN_POINT('',(-0.0478258620321751,0.0360000000000016,0.00574405956366012));
#2607=CARTESIAN_POINT('',(-0.0526258620321751,0.0360000000000016,0.0382440595636599));
#2608=CARTESIAN_POINT('',(-0.0526258620321751,0.0360000000000016,0.0707440595636601));
#2609=CARTESIAN_POINT('',(-0.0502258620321751,0.0360000000000016,0.0707440595636601));
#2610=CARTESIAN_POINT('',(-0.0478258620321751,0.0360000000000016,0.0707440595636601));
#2611=CARTESIAN_POINT('',(-0.0478258620321751,0.0360000000000017,0.0382440595636599));
#2612=CARTESIAN_POINT('',(-0.0502258620321752,0.0390020000000017,0.0707440595636601));
#2613=CARTESIAN_POINT('',(-0.0526258620321752,0.0390020000000016,0.0707440595636601));
#2614=CARTESIAN_POINT('',(-0.0428258620321735,-0.0519999999999982,0.0707440595636601));
#2615=CARTESIAN_POINT('',(-0.0478258620321735,-0.0519999999999983,0.0707440595636601));
#2616=CARTESIAN_POINT('',(-0.0478258620321752,0.0390020000000017,0.0707440595636601));
#2617=CARTESIAN_POINT('',(-0.0478258620321745,0.00219999999999939,0.0707440595636601));
#2618=CARTESIAN_POINT('',(-0.0428258620321745,0.00219999999999948,0.0707440595636601));
#2619=CARTESIAN_POINT('',(-0.0428258620321746,0.00719999999999947,0.0707440595636586));
#2620=CARTESIAN_POINT('',(0.00187413796782421,0.0072000000000003,0.0707440595636586));
#2621=CARTESIAN_POINT('',(0.0465741379678196,0.00720000000000113,0.0707440595636586));
#2622=CARTESIAN_POINT('',(0.0465741379678197,0.00220000000000113,0.0707440595636601));
#2623=CARTESIAN_POINT('',(0.0465741379678207,-0.0519999999999966,0.0707440595636601));
#2624=CARTESIAN_POINT('',(0.0465741379678194,0.0170000000000011,0.0707440595636601));
#2625=CARTESIAN_POINT('',(0.0465741379678195,0.0120000000000011,0.0707440595636586));
#2626=CARTESIAN_POINT('',(0.00187413796782412,0.0120000000000003,0.0707440595636586));
#2627=CARTESIAN_POINT('',(-0.0428258620321747,0.0119999999999995,0.0707440595636586));
#2628=CARTESIAN_POINT('',(-0.0428258620321748,0.0169999999999995,0.0707440595636601));
#2629=CARTESIAN_POINT('',(-0.0478258620321748,0.0169999999999994,0.0707440595636601));
#2630=CARTESIAN_POINT('',(-0.0478258620321752,0.0390020000000017,0.0707440595636601));
#2631=CARTESIAN_POINT('',(-0.0526258620321752,0.0390020000000016,0.0382440595636599));
#2632=CARTESIAN_POINT('',(-0.0526258620321752,0.0390020000000016,0.00574405956366009));
#2633=CARTESIAN_POINT('',(-0.0478258620321752,0.0390020000000017,0.0382440595636599));
#2634=CARTESIAN_POINT('',(-0.0478258620321735,-0.0519999999999983,0.00574405956366011));
#2635=CARTESIAN_POINT('',(-0.0478258620321735,-0.0519999999999983,0.00574405956366012));
#2636=CARTESIAN_POINT('',(-0.0478258620321752,0.0390020000000017,0.00574405956366012));
#2637=CARTESIAN_POINT('',(-0.0478258620321745,0.00219999999999939,0.00574405956366012));
#2638=CARTESIAN_POINT('',(-0.0478258620321745,0.00219999999999938,0.0282440595636586));
#2639=CARTESIAN_POINT('',(-0.0478258620321746,0.00219999999999938,0.0282440595636586));
#2640=CARTESIAN_POINT('',(-0.0478258620321747,0.00719999999999938,0.0282440595636586));
#2641=CARTESIAN_POINT('',(-0.0478258620321748,0.0169999999999994,0.0282440595636586));
#2642=CARTESIAN_POINT('',(-0.0478258620321748,0.0169999999999994,0.0382440595636599));
#2643=CARTESIAN_POINT('',(-0.0478258620321748,0.0169999999999994,0.00574405956366012));
#2644=CARTESIAN_POINT('',(-0.0478258620321752,0.0390020000000017,0.00574405956366012));
#2645=CARTESIAN_POINT('',(-0.0478258620321748,0.0169999999999994,0.0382440595636599));
#2646=CARTESIAN_POINT('',(-0.0478258620321748,0.0169999999999994,0.0482440595636586));
#2647=CARTESIAN_POINT('',(-0.0478258620321746,0.00719999999999938,0.0482440595636586));
#2648=CARTESIAN_POINT('',(-0.0478258620321745,0.00219999999999938,0.0482440595636586));
#2649=CARTESIAN_POINT('',(-0.0478258620321745,0.00219999999999938,0.0707440595636586));
#2650=CARTESIAN_POINT('',(-0.0502258620321752,0.0390020000000017,0.00574405956366012));
#2651=CARTESIAN_POINT('',(-0.0428258620321748,0.0169999999999995,0.00574405956366012));
#2652=CARTESIAN_POINT('',(-0.0428258620321747,0.0119999999999995,0.00574405956365857));
#2653=CARTESIAN_POINT('',(0.00187413796782412,0.0120000000000003,0.00574405956365857));
#2654=CARTESIAN_POINT('',(0.0465741379678195,0.0120000000000011,0.00574405956365857));
#2655=CARTESIAN_POINT('',(0.0465741379678194,0.0170000000000011,0.00574405956366012));
#2656=CARTESIAN_POINT('',(0.0465741379678207,-0.0519999999999966,0.00574405956366012));
#2657=CARTESIAN_POINT('',(0.0465741379678197,0.00220000000000113,0.00574405956366012));
#2658=CARTESIAN_POINT('',(0.0465741379678196,0.00720000000000113,0.00574405956365857));
#2659=CARTESIAN_POINT('',(0.00187413796782421,0.0072000000000003,0.00574405956365857));
#2660=CARTESIAN_POINT('',(-0.0428258620321746,0.00719999999999947,0.00574405956365857));
#2661=CARTESIAN_POINT('',(-0.0428258620321745,0.00219999999999948,0.00574405956366012));
#2662=CARTESIAN_POINT('',(-0.0428258620321735,-0.0519999999999982,0.00574405956366011));
#2663=CARTESIAN_POINT('',(0.0465741379678231,0.00720000000000113,0.0282440595636586));
#2664=CARTESIAN_POINT('',(0.0465741379678194,0.0170000000000011,0.0282440595636586));
#2665=CARTESIAN_POINT('',(0.0465741379678195,0.0120000000000011,0.0282440595636586));
#2666=CARTESIAN_POINT('',(0.046574137967823,0.0120000000000011,0.0282440595636586));
#2667=CARTESIAN_POINT('',(0.041574137967823,0.012000000000001,0.0282440595636586));
#2668=CARTESIAN_POINT('',(0.0415741379678231,0.00720000000000103,0.0282440595636586));
#2669=CARTESIAN_POINT('',(0.0415741379678231,0.00720000000000103,0.0282440595636586));
#2670=CARTESIAN_POINT('',(0.0465741379678231,0.00720000000000113,0.0282440595636586));
#2671=CARTESIAN_POINT('',(0.0465741379678196,0.00720000000000113,0.0282440595636586));
#2672=CARTESIAN_POINT('',(0.0465741379678197,0.00220000000000113,0.0282440595636586));
#2673=CARTESIAN_POINT('',(0.0415741379678231,0.00720000000000103,0.0382440595636586));
#2674=CARTESIAN_POINT('',(0.041574137967823,0.012000000000001,0.0382440595636586));
#2675=CARTESIAN_POINT('',(0.041574137967823,0.012000000000001,0.0482440595636586));
#2676=CARTESIAN_POINT('',(0.0415741379678231,0.00720000000000103,0.0482440595636586));
#2677=CARTESIAN_POINT('',(0.0415741379678231,0.00720000000000103,0.0482440595636586));
#2678=CARTESIAN_POINT('',(0.0415741379678231,0.00720000000000103,0.0382440595636586));
#2679=CARTESIAN_POINT('',(0.0465741379678231,0.00720000000000113,0.0482440595636586));
#2680=CARTESIAN_POINT('',(0.046574137967823,0.0120000000000011,0.0482440595636586));
#2681=CARTESIAN_POINT('',(0.0465741379678195,0.0120000000000011,0.0482440595636586));
#2682=CARTESIAN_POINT('',(0.0465741379678194,0.0170000000000011,0.0482440595636586));
#2683=CARTESIAN_POINT('',(0.0465741379678197,0.00220000000000113,0.0482440595636586));
#2684=CARTESIAN_POINT('',(0.0465741379678196,0.00720000000000113,0.0482440595636586));
#2685=CARTESIAN_POINT('',(0.0465741379678231,0.00720000000000113,0.0482440595636586));
#2686=CARTESIAN_POINT('',(-0.0428258620321747,0.00719999999999947,0.0482440595636586));
#2687=CARTESIAN_POINT('',(-0.0428258620321748,0.0169999999999995,0.0482440595636586));
#2688=CARTESIAN_POINT('',(-0.0428258620321747,0.0119999999999995,0.0482440595636586));
#2689=CARTESIAN_POINT('',(-0.0428258620321748,0.0119999999999995,0.0482440595636586));
#2690=CARTESIAN_POINT('',(-0.0378258620321748,0.0119999999999996,0.0482440595636586));
#2691=CARTESIAN_POINT('',(-0.0378258620321747,0.00719999999999957,0.0482440595636586));
#2692=CARTESIAN_POINT('',(-0.0378258620321747,0.00719999999999957,0.0482440595636586));
#2693=CARTESIAN_POINT('',(-0.0428258620321747,0.00719999999999947,0.0482440595636586));
#2694=CARTESIAN_POINT('',(-0.0428258620321746,0.00719999999999947,0.0482440595636586));
#2695=CARTESIAN_POINT('',(-0.0428258620321745,0.00219999999999948,0.0482440595636586));
#2696=CARTESIAN_POINT('',(-0.0378258620321747,0.00719999999999957,0.0382440595636586));
#2697=CARTESIAN_POINT('',(-0.0378258620321748,0.0119999999999996,0.0382440595636586));
#2698=CARTESIAN_POINT('',(-0.0378258620321748,0.0119999999999996,0.0282440595636586));
#2699=CARTESIAN_POINT('',(-0.0378258620321747,0.00719999999999957,0.0282440595636586));
#2700=CARTESIAN_POINT('',(-0.0378258620321747,0.00719999999999957,0.0282440595636586));
#2701=CARTESIAN_POINT('',(-0.0378258620321747,0.00719999999999957,0.0382440595636586));
#2702=CARTESIAN_POINT('',(-0.0428258620321747,0.00719999999999947,0.0282440595636586));
#2703=CARTESIAN_POINT('',(-0.0428258620321748,0.0119999999999995,0.0282440595636586));
#2704=CARTESIAN_POINT('',(-0.0428258620321747,0.0119999999999995,0.0282440595636586));
#2705=CARTESIAN_POINT('',(-0.0428258620321748,0.0169999999999995,0.0282440595636586));
#2706=CARTESIAN_POINT('',(-0.0428258620321745,0.00219999999999948,0.0282440595636586));
#2707=CARTESIAN_POINT('',(-0.0428258620321746,0.00719999999999947,0.0282440595636586));
#2708=CARTESIAN_POINT('',(-0.0428258620321747,0.00719999999999947,0.0282440595636586));
#2709=CARTESIAN_POINT('',(0.00187413796782421,0.0072000000000003,0.0382440595636586));
#2710=CARTESIAN_POINT('',(-0.027450483627318,0.00719999999999976,0.0186440595636577));
#2711=CARTESIAN_POINT('',(-0.029200483627318,0.00719999999999973,0.0186440595636577));
#2712=CARTESIAN_POINT('',(0.028149516372682,0.00720000000000079,0.0186440595636557));
#2713=CARTESIAN_POINT('',(0.026399516372682,0.00720000000000076,0.0186440595636557));
#2714=CARTESIAN_POINT('',(0.0281495163726827,0.00720000000000079,0.0382440595636557));
#2715=CARTESIAN_POINT('',(0.0263995163726827,0.00720000000000076,0.0382440595636557));
#2716=CARTESIAN_POINT('',(0.0281495163726834,0.00720000000000079,0.0575440595636557));
#2717=CARTESIAN_POINT('',(0.0263995163726834,0.00720000000000076,0.0575440595636557));
#2718=CARTESIAN_POINT('',(-0.0274504836273173,0.00719999999999976,0.0382440595636577));
#2719=CARTESIAN_POINT('',(-0.0292004836273173,0.00719999999999973,0.0382440595636577));
#2720=CARTESIAN_POINT('',(-0.0274504836273166,0.00719999999999976,0.0575440595636577));
#2721=CARTESIAN_POINT('',(-0.0292004836273166,0.00719999999999973,0.0575440595636577));
#2722=CARTESIAN_POINT('',(0.0465741379678196,0.00720000000000113,0.0382440595636586));
#2723=CARTESIAN_POINT('',(-0.0428258620321746,0.00719999999999947,0.0482440595636586));
#2724=CARTESIAN_POINT('',(-0.0428258620321746,0.00719999999999947,0.00574405956366012));
#2725=CARTESIAN_POINT('',(0.0465741379678196,0.00720000000000113,0.0382440595636586));
#2726=CARTESIAN_POINT('',(0.00187413796782412,0.0120000000000003,0.0382440595636586));
#2727=CARTESIAN_POINT('',(-0.0274504836273181,0.0119999999999998,0.0186440595636577));
#2728=CARTESIAN_POINT('',(-0.0257004836273181,0.0119999999999998,0.0186440595636577));
#2729=CARTESIAN_POINT('',(0.028149516372682,0.0120000000000008,0.0186440595636557));
#2730=CARTESIAN_POINT('',(0.029899516372682,0.0120000000000008,0.0186440595636557));
#2731=CARTESIAN_POINT('',(0.0281495163726826,0.0120000000000008,0.0382440595636557));
#2732=CARTESIAN_POINT('',(0.0298995163726826,0.0120000000000008,0.0382440595636557));
#2733=CARTESIAN_POINT('',(0.0281495163726833,0.0120000000000008,0.0575440595636557));
#2734=CARTESIAN_POINT('',(0.0298995163726833,0.0120000000000008,0.0575440595636557));
#2735=CARTESIAN_POINT('',(-0.0274504836273174,0.0119999999999998,0.0382440595636577));
#2736=CARTESIAN_POINT('',(-0.0257004836273174,0.0119999999999998,0.0382440595636577));
#2737=CARTESIAN_POINT('',(-0.0274504836273167,0.0119999999999998,0.0575440595636577));
#2738=CARTESIAN_POINT('',(-0.0257004836273167,0.0119999999999998,0.0575440595636577));
#2739=CARTESIAN_POINT('',(-0.0428258620321747,0.0119999999999995,0.0382440595636586));
#2740=CARTESIAN_POINT('',(0.0465741379678195,0.0120000000000011,0.0482440595636586));
#2741=CARTESIAN_POINT('',(0.0465741379678195,0.0120000000000011,0.00574405956366012));
#2742=CARTESIAN_POINT('',(-0.0428258620321747,0.0119999999999995,0.0382440595636586));
#2743=CARTESIAN_POINT('',(0.0468868271702524,-0.0599999999999965,0.0282440595636601));
#2744=CARTESIAN_POINT('',(0.0465741379678207,-0.0519999999999966,0.0282440595636601));
#2745=CARTESIAN_POINT('',(0.0421995163726828,-0.0599999999999966,0.0282440595636601));
#2746=CARTESIAN_POINT('',(0.0421995163726828,-0.0599999999999966,0.0382440595636601));
#2747=CARTESIAN_POINT('',(0.0421995163726828,-0.0599999999999966,0.0482440595636601));
#2748=CARTESIAN_POINT('',(0.0468868271702524,-0.0599999999999965,0.0482440595636601));
#2749=CARTESIAN_POINT('',(0.0465741379678207,-0.0519999999999966,0.0482440595636601));
#2750=CARTESIAN_POINT('',(0.0192995163726858,-0.0599999999999971,0.0665690595636599));
#2751=CARTESIAN_POINT('',(0.0192995163726858,-0.0599999999999971,0.0642940595636612));
#2752=CARTESIAN_POINT('',(0.0332995163726858,-0.0599999999999968,0.0665690595636599));
#2753=CARTESIAN_POINT('',(0.0332995163726858,-0.0599999999999968,0.0642940595636612));
#2754=CARTESIAN_POINT('',(0.0326995163726858,-0.0599999999999968,0.0642940595636612));
#2755=CARTESIAN_POINT('',(0.00324951637268581,-0.0599999999999974,0.0642940595636612));
#2756=CARTESIAN_POINT('',(0.0102495163726858,-0.0599999999999972,0.0642940595636612));
#2757=CARTESIAN_POINT('',(-0.00375048362731418,-0.0599999999999975,0.0642940595636612));
#2758=CARTESIAN_POINT('',(-0.00375048362731418,-0.0599999999999975,0.0665690595636607));
#2759=CARTESIAN_POINT('',(0.0102495163726858,-0.0599999999999972,0.0665690595636607));
#2760=CARTESIAN_POINT('',(-0.051435912538515,-0.0879999999999984,0.00693400905732319));
#2761=CARTESIAN_POINT('',(-0.0514359125385145,-0.117310049999998,0.00693400905732319));
#2762=CARTESIAN_POINT('',(0.0551841884741618,-0.0399999999999964,0.00693400905731938));
#2763=CARTESIAN_POINT('',(0.0551841884741632,-0.117310049999996,0.00693400905731938));
#2764=CARTESIAN_POINT('',(0.0551841884741649,-0.0879999999999964,0.0695541100699971));
#2765=CARTESIAN_POINT('',(0.0551841884741654,-0.117310049999996,0.0695541100699971));
#2766=CARTESIAN_POINT('',(-0.0514359125385137,-0.0399999999999983,0.0695541100700009));
#2767=CARTESIAN_POINT('',(-0.0514359125385122,-0.117310049999998,0.0695541100700009));
#2768=CARTESIAN_POINT('',(0.0551841884741632,-0.117310049999996,0.00693400905731938));
#2769=CARTESIAN_POINT('',(0.0551841884741632,-0.117310049999996,0.00693400956365822));
#2770=CARTESIAN_POINT('',(0.0551841884741632,-0.117310049999996,0.00693400905731938));
#2771=CARTESIAN_POINT('',(0.0551841879678267,-0.117310049999996,0.0712440595636582));
#2772=CARTESIAN_POINT('',(0.0551841879678266,-0.117310049999996,0.0695541100699971));
#2773=CARTESIAN_POINT('',(0.00187413796782435,-0.117310049999997,0.00693400956366012));
#2774=CARTESIAN_POINT('',(-0.0514359125385145,-0.117310049999998,0.00693400956366203));
#2775=CARTESIAN_POINT('',(0.0551841884741654,-0.117310049999996,0.0695541100699971));
#2776=CARTESIAN_POINT('',(0.0551841884741654,-0.117310049999996,0.0695541100699971));
#2777=CARTESIAN_POINT('',(-0.0514359125385145,-0.117310049999998,0.00693400905732319));
#2778=CARTESIAN_POINT('',(-0.0514359120321756,-0.117310049999998,0.00693400905732319));
#2779=CARTESIAN_POINT('',(0.00187413796782603,-0.117310049999997,0.0695541095636601));
#2780=CARTESIAN_POINT('',(-0.0514359125385122,-0.117310049999998,0.069554109563662));
#2781=CARTESIAN_POINT('',(-0.0514359120321733,-0.117310049999998,0.071244059563662));
#2782=CARTESIAN_POINT('',(-0.0514359120321734,-0.117310049999998,0.0695541100700009));
#2783=CARTESIAN_POINT('',(-0.0514359125385122,-0.117310049999998,0.0695541100700009));
#2784=CARTESIAN_POINT('',(-0.0274504836273166,0.00699999999999976,0.0575440595636577));
#2785=CARTESIAN_POINT('',(-0.0274504836273173,0.00699999999999976,0.0382440595636577));
#2786=CARTESIAN_POINT('',(0.0281495163726834,0.00700000000000078,0.0575440595636557));
#2787=CARTESIAN_POINT('',(0.0281495163726827,0.00700000000000078,0.0382440595636557));
#2788=CARTESIAN_POINT('',(0.028149516372682,0.00700000000000078,0.0186440595636557));
#2789=CARTESIAN_POINT('',(-0.027450483627318,0.00699999999999976,0.0186440595636577));
#2790=CARTESIAN_POINT('',(0.0465741379678207,-0.0519999999999966,0.0382440595636601));
#2791=CARTESIAN_POINT('',(0.0465741379678207,-0.0519999999999966,0.0382440595636601));
#2792=CARTESIAN_POINT('',(-0.0428258620321735,-0.0519999999999982,0.0712440595636601));
#2793=CARTESIAN_POINT('',(-0.0428258620321748,0.0169999999999995,0.0382440595636586));
#2794=CARTESIAN_POINT('',(-0.0428258620321748,0.0169999999999995,0.0382440595636586));
#2795=CARTESIAN_POINT('',(0.0465741379678194,0.0170000000000011,0.0382440595636601));
#2796=CARTESIAN_POINT('',(0.0465741379678194,0.0170000000000011,0.0382440595636601));
#2797=CARTESIAN_POINT('',(0.0465741379678197,0.00220000000000113,0.0382440595636586));
#2798=CARTESIAN_POINT('',(0.0465741379678197,0.00220000000000113,0.0382440595636586));
#2799=CARTESIAN_POINT('',(-0.0428258620321745,0.00219999999999948,0.0382440595636599));
#2800=CARTESIAN_POINT('',(-0.0428258620321745,0.00219999999999948,0.0382440595636599));
#2801=MECHANICAL_DESIGN_GEOMETRIC_PRESENTATION_REPRESENTATION('',(#1674),
#2802);
#2802=(
GEOMETRIC_REPRESENTATION_CONTEXT(3)
GLOBAL_UNCERTAINTY_ASSIGNED_CONTEXT((#2803))
GLOBAL_UNIT_ASSIGNED_CONTEXT((#2806,#2805,#2804))
REPRESENTATION_CONTEXT('Bottom','TOP_LEVEL_ASSEMBLY_PART')
);
#2803=UNCERTAINTY_MEASURE_WITH_UNIT(LENGTH_MEASURE(1.E-8),#2806,
'DISTANCE_ACCURACY_VALUE','Maximum Tolerance applied to model');
#2804=(
NAMED_UNIT(*)
SI_UNIT($,.STERADIAN.)
SOLID_ANGLE_UNIT()
);
#2805=(
NAMED_UNIT(*)
PLANE_ANGLE_UNIT()
SI_UNIT($,.RADIAN.)
);
#2806=(
LENGTH_UNIT()
NAMED_UNIT(*)
SI_UNIT($,.METRE.)
);
#2807=PRODUCT_DEFINITION_SHAPE('','',#2808);
#2808=PRODUCT_DEFINITION('','',#2810,#2809);
#2809=PRODUCT_DEFINITION_CONTEXT('',#2816,'design');
#2810=PRODUCT_DEFINITION_FORMATION_WITH_SPECIFIED_SOURCE('','',#2812,
 .NOT_KNOWN.);
#2811=PRODUCT_RELATED_PRODUCT_CATEGORY('','',(#2812));
#2812=PRODUCT('Bottom','Bottom','Bottom',(#2814));
#2813=PRODUCT_CATEGORY('','');
#2814=PRODUCT_CONTEXT('',#2816,'mechanical');
#2815=APPLICATION_PROTOCOL_DEFINITION('international standard',
'ap242_managed_model_based_3d_engineering',2020,#2816);
#2816=APPLICATION_CONTEXT('managed model based 3d engineering');
ENDSEC;
END-ISO-10303-21;
