ISO-10303-21;
HEADER;
/* Generated by software containing ST-Developer
 * from STEP Tools, Inc. (www.steptools.com) 
 */
/* OPTION: using custom renumber hook */

FILE_DESCRIPTION(
/* description */ ('STEP AP242 Edition 2',
'CAx-IF Rec.Pracs.---Representation and Presentation of Product Manufa
cturing Information (PMI)---4.0---2014-10-13',
'CAx-IF Rec.Pracs.---3D Tessellated Geometry---0.4---2014-09-14','2;1',
'CAx-IF Rec.Pracs.---User Defined Attributes---1.5---2016-08-15'),
/* implementation_level */ '2;1');

FILE_NAME(
/* name */ 'Chassis V3 - Top',
/* time_stamp */ '2026-06-16T06:07:43Z',
/* author */ (''),
/* organization */ (''),
/* preprocessor_version */ 'ST-DEVELOPER v20',
/* originating_system */ 'ONSHAPE BY PTC INC, 1.216',
/* authorisation */ '  ');

FILE_SCHEMA (('AP242_MANAGED_MODEL_BASED_3D_ENGINEERING_MIM_LF { 1 0 10303 442 3 1 4 }'));
ENDSEC;

DATA;
#10=SHAPE_REPRESENTATION_RELATIONSHIP('','',#1115,#11);
#11=ADVANCED_BREP_SHAPE_REPRESENTATION('',(#1113),#1971);
#12=(
BOUNDED_SURFACE()
B_SPLINE_SURFACE(3,2,((#1782,#1783,#1784),(#1785,#1786,#1787),(#1788,#1789,
#1790),(#1791,#1792,#1793),(#1794,#1795,#1796),(#1797,#1798,#1799),(#1800,
#1801,#1802),(#1803,#1804,#1805),(#1806,#1807,#1808)),.UNSPECIFIED.,.F.,
 .F.,.F.)
B_SPLINE_SURFACE_WITH_KNOTS((4,1,1,1,1,1,4),(3,3),(0.,0.0979701080113807,
0.195940216022761,0.244925270028452,0.293910324034142,0.342895378039832,
0.391880432045523),(0.,1.),.UNSPECIFIED.)
GEOMETRIC_REPRESENTATION_ITEM()
RATIONAL_B_SPLINE_SURFACE(((1.,1.,1.),(1.,1.00000003755747,1.),(1.,0.981858978927697,
1.),(1.,0.898021586020159,1.),(1.,0.814346720621009,1.),(1.,0.756300762507128,
1.),(1.,0.716034602420477,1.),(1.,0.70710674604605,1.),(1.,0.707106781186548,
1.)))
REPRESENTATION_ITEM('')
SURFACE()
);
#13=(
BOUNDED_SURFACE()
B_SPLINE_SURFACE(3,2,((#1812,#1813,#1814),(#1815,#1816,#1817),(#1818,#1819,
#1820),(#1821,#1822,#1823),(#1824,#1825,#1826),(#1827,#1828,#1829),(#1830,
#1831,#1832),(#1833,#1834,#1835),(#1836,#1837,#1838)),.UNSPECIFIED.,.F.,
 .F.,.F.)
B_SPLINE_SURFACE_WITH_KNOTS((4,1,1,1,1,1,4),(3,3),(0.608119567954469,0.65710462196016,
0.706089675965852,0.755074729971543,0.804059783977235,0.902029891988617,
1.),(0.,1.),.UNSPECIFIED.)
GEOMETRIC_REPRESENTATION_ITEM()
RATIONAL_B_SPLINE_SURFACE(((1.,0.707106781186552,1.),(1.,0.7071067460458,
1.),(1.,0.716034602420571,1.),(1.,0.756300762507092,1.),(1.,0.814346720621012,
1.),(1.,0.898021586020175,1.),(1.,0.981858978927699,1.),(1.,1.00000003755747,
1.),(1.,1.,1.)))
REPRESENTATION_ITEM('')
SURFACE()
);
#14=(
BOUNDED_SURFACE()
B_SPLINE_SURFACE(3,2,((#1839,#1840,#1841),(#1842,#1843,#1844),(#1845,#1846,
#1847),(#1848,#1849,#1850),(#1851,#1852,#1853),(#1854,#1855,#1856),(#1857,
#1858,#1859),(#1860,#1861,#1862),(#1863,#1864,#1865)),.UNSPECIFIED.,.F.,
 .F.,.F.)
B_SPLINE_SURFACE_WITH_KNOTS((4,1,1,1,1,1,4),(3,3),(0.,0.0979701080113798,
0.19594021602276,0.244925270028449,0.293910324034139,0.342895378039829,
0.391880432045519),(0.,1.),.UNSPECIFIED.)
GEOMETRIC_REPRESENTATION_ITEM()
RATIONAL_B_SPLINE_SURFACE(((1.,1.,1.),(1.,1.00000003755747,1.),(1.,0.981858978927698,
1.),(1.,0.898021586020178,1.),(1.,0.814346720621013,1.),(1.,0.756300762507151,
1.),(1.,0.716034602420444,1.),(1.,0.707106746046115,1.),(1.,0.707106781186547,
1.)))
REPRESENTATION_ITEM('')
SURFACE()
);
#15=(
BOUNDED_SURFACE()
B_SPLINE_SURFACE(3,2,((#1869,#1870,#1871),(#1872,#1873,#1874),(#1875,#1876,
#1877),(#1878,#1879,#1880),(#1881,#1882,#1883),(#1884,#1885,#1886),(#1887,
#1888,#1889),(#1890,#1891,#1892),(#1893,#1894,#1895)),.UNSPECIFIED.,.F.,
 .F.,.F.)
B_SPLINE_SURFACE_WITH_KNOTS((4,1,1,1,1,1,4),(3,3),(0.608119567954486,0.657104621960175,
0.706089675965865,0.755074729971554,0.804059783977243,0.902029891988621,
1.),(0.,1.),.UNSPECIFIED.)
GEOMETRIC_REPRESENTATION_ITEM()
RATIONAL_B_SPLINE_SURFACE(((1.,0.707106781186552,1.),(1.,0.707106746046133,
1.),(1.,0.716034602420452,1.),(1.,0.756300762507156,1.),(1.,0.814346720621013,
1.),(1.,0.898021586020179,1.),(1.,0.981858978927694,1.),(1.,1.00000003755747,
1.),(1.,1.,1.)))
REPRESENTATION_ITEM('')
SURFACE()
);
#16=SPHERICAL_SURFACE('',#1154,0.00362132);
#17=SPHERICAL_SURFACE('',#1162,0.00362132);
#18=SPHERICAL_SURFACE('',#1174,0.00362132);
#19=SPHERICAL_SURFACE('',#1176,0.00362132);
#20=CYLINDRICAL_SURFACE('',#1145,0.00362132);
#21=CYLINDRICAL_SURFACE('',#1148,0.00362132);
#22=CYLINDRICAL_SURFACE('',#1151,0.00362132);
#23=CYLINDRICAL_SURFACE('',#1156,0.00362132);
#24=CYLINDRICAL_SURFACE('',#1159,0.00362132);
#25=CYLINDRICAL_SURFACE('',#1164,0.00362132);
#26=CYLINDRICAL_SURFACE('',#1166,0.00362132);
#27=CYLINDRICAL_SURFACE('',#1169,0.00362132);
#28=CYLINDRICAL_SURFACE('',#1172,0.00362132);
#29=CYLINDRICAL_SURFACE('',#1178,0.00362132);
#30=CYLINDRICAL_SURFACE('',#1180,0.003);
#31=CYLINDRICAL_SURFACE('',#1183,0.003);
#32=CYLINDRICAL_SURFACE('',#1199,0.015745704850527);
#33=CYLINDRICAL_SURFACE('',#1202,0.0211521306899056);
#34=CYLINDRICAL_SURFACE('',#1208,0.019308411775144);
#35=CYLINDRICAL_SURFACE('',#1209,0.019308411775144);
#36=CYLINDRICAL_SURFACE('',#1211,0.00931181578903814);
#37=CYLINDRICAL_SURFACE('',#1221,0.0107485846490403);
#38=OVER_RIDING_STYLED_ITEM('',(#1062),#999,#1060);
#39=OVER_RIDING_STYLED_ITEM('',(#1063),#1041,#1060);
#40=OVER_RIDING_STYLED_ITEM('',(#1064),#1042,#1060);
#41=OVER_RIDING_STYLED_ITEM('',(#1065),#1046,#1060);
#42=OVER_RIDING_STYLED_ITEM('',(#1066),#1051,#1060);
#43=OVER_RIDING_STYLED_ITEM('',(#1067),#1052,#1060);
#44=OVER_RIDING_STYLED_ITEM('',(#1068),#1054,#1060);
#45=CIRCLE('',#1126,0.019308411775144);
#46=CIRCLE('',#1127,0.0211521306899056);
#47=CIRCLE('',#1129,0.00931181578903814);
#48=CIRCLE('',#1135,0.019308411775144);
#49=CIRCLE('',#1140,0.0211521306899056);
#50=CIRCLE('',#1147,0.00362132);
#51=CIRCLE('',#1150,0.00362132);
#52=CIRCLE('',#1152,0.00362132);
#53=CIRCLE('',#1153,0.00362132);
#54=CIRCLE('',#1155,0.00362132);
#55=CIRCLE('',#1163,0.00362132);
#56=CIRCLE('',#1165,0.00362132);
#57=CIRCLE('',#1168,0.00362132);
#58=CIRCLE('',#1171,0.00362132);
#59=CIRCLE('',#1173,0.00362132);
#60=CIRCLE('',#1175,0.00362132);
#61=CIRCLE('',#1177,0.00362132);
#62=CIRCLE('',#1179,0.003);
#63=CIRCLE('',#1181,0.003);
#64=CIRCLE('',#1182,0.003);
#65=CIRCLE('',#1184,0.003);
#66=CIRCLE('',#1200,0.015745704850527);
#67=CIRCLE('',#1201,0.015745704850527);
#68=CIRCLE('',#1203,0.0211521306899056);
#69=CIRCLE('',#1206,0.00931181578903814);
#70=CIRCLE('',#1207,0.019308411775144);
#71=CIRCLE('',#1210,0.019308411775144);
#72=CIRCLE('',#1212,0.00931181578903814);
#73=CIRCLE('',#1220,0.0107485846490403);
#74=CIRCLE('',#1222,0.0107485846490403);
#75=ELLIPSE('',#1120,0.0105635509911196,0.00931181578903814);
#76=ELLIPSE('',#1121,0.0219039333428801,0.019308411775144);
#77=ELLIPSE('',#1123,0.0105635509911192,0.00931181578903814);
#78=ELLIPSE('',#1124,0.0219039333428792,0.019308411775144);
#79=ELLIPSE('',#1131,0.0256487797497134,0.0211521306899056);
#80=ELLIPSE('',#1133,0.0256487797497146,0.0211521306899056);
#81=ELLIPSE('',#1146,0.00367423421746627,0.00362132);
#82=ELLIPSE('',#1149,0.00367423421746627,0.00362132);
#83=ELLIPSE('',#1157,0.00367423421746627,0.00362132);
#84=ELLIPSE('',#1158,0.00367423421746628,0.00362132);
#85=ELLIPSE('',#1160,0.00367423421746627,0.00362132);
#86=ELLIPSE('',#1161,0.00367423421746628,0.00362132);
#87=ELLIPSE('',#1167,0.00367423421746628,0.00362132);
#88=ELLIPSE('',#1170,0.00367423421746628,0.00362132);
#89=ELLIPSE('',#1186,0.0105635509911196,0.00931181578903814);
#90=ELLIPSE('',#1187,0.0219039333428801,0.019308411775144);
#91=ELLIPSE('',#1189,0.0105635509911192,0.00931181578903814);
#92=ELLIPSE('',#1190,0.0219039333428792,0.019308411775144);
#93=ELLIPSE('',#1194,0.0256487797497134,0.0211521306899056);
#94=ELLIPSE('',#1196,0.0256487797497146,0.0211521306899056);
#95=B_SPLINE_CURVE_WITH_KNOTS('',3,(#1562,#1563,#1564,#1565),
 .UNSPECIFIED.,.F.,.F.,(4,4),(0.,9.08084353402599E-6),.UNSPECIFIED.);
#96=B_SPLINE_CURVE_WITH_KNOTS('',3,(#1569,#1570,#1571,#1572),
 .UNSPECIFIED.,.F.,.F.,(4,4),(0.,9.08461176166955E-6),.UNSPECIFIED.);
#97=B_SPLINE_CURVE_WITH_KNOTS('',3,(#1702,#1703,#1704,#1705),
 .UNSPECIFIED.,.F.,.F.,(4,4),(0.,0.000621535812026823),.UNSPECIFIED.);
#98=B_SPLINE_CURVE_WITH_KNOTS('',3,(#1710,#1711,#1712,#1713),
 .UNSPECIFIED.,.F.,.F.,(4,4),(1.9332995052132E-15,0.000621536421007569),
 .UNSPECIFIED.);
#99=B_SPLINE_CURVE_WITH_KNOTS('',3,(#1721,#1722,#1723,#1724),
 .UNSPECIFIED.,.F.,.F.,(4,4),(1.97123216689351E-15,0.00062153642100752),
 .UNSPECIFIED.);
#100=B_SPLINE_CURVE_WITH_KNOTS('',3,(#1728,#1729,#1730,#1731),
 .UNSPECIFIED.,.F.,.F.,(4,4),(0.,0.000621536421007531),.UNSPECIFIED.);
#101=B_SPLINE_CURVE_WITH_KNOTS('',3,(#1736,#1737,#1738,#1739),
 .UNSPECIFIED.,.F.,.F.,(4,4),(0.,9.08084353401915E-6),.UNSPECIFIED.);
#102=B_SPLINE_CURVE_WITH_KNOTS('',3,(#1740,#1741,#1742,#1743),
 .UNSPECIFIED.,.F.,.F.,(4,4),(9.81307786677359E-17,9.08311524434993E-6),
 .UNSPECIFIED.);
#103=ORIENTED_EDGE('',*,*,#395,.T.);
#104=ORIENTED_EDGE('',*,*,#396,.T.);
#105=ORIENTED_EDGE('',*,*,#397,.T.);
#106=ORIENTED_EDGE('',*,*,#398,.T.);
#107=ORIENTED_EDGE('',*,*,#399,.T.);
#108=ORIENTED_EDGE('',*,*,#400,.T.);
#109=ORIENTED_EDGE('',*,*,#401,.F.);
#110=ORIENTED_EDGE('',*,*,#402,.F.);
#111=ORIENTED_EDGE('',*,*,#403,.F.);
#112=ORIENTED_EDGE('',*,*,#404,.T.);
#113=ORIENTED_EDGE('',*,*,#405,.T.);
#114=ORIENTED_EDGE('',*,*,#406,.T.);
#115=ORIENTED_EDGE('',*,*,#407,.F.);
#116=ORIENTED_EDGE('',*,*,#408,.F.);
#117=ORIENTED_EDGE('',*,*,#409,.F.);
#118=ORIENTED_EDGE('',*,*,#410,.F.);
#119=ORIENTED_EDGE('',*,*,#411,.T.);
#120=ORIENTED_EDGE('',*,*,#412,.T.);
#121=ORIENTED_EDGE('',*,*,#413,.F.);
#122=ORIENTED_EDGE('',*,*,#414,.T.);
#123=ORIENTED_EDGE('',*,*,#415,.F.);
#124=ORIENTED_EDGE('',*,*,#416,.F.);
#125=ORIENTED_EDGE('',*,*,#417,.T.);
#126=ORIENTED_EDGE('',*,*,#418,.T.);
#127=ORIENTED_EDGE('',*,*,#419,.F.);
#128=ORIENTED_EDGE('',*,*,#420,.T.);
#129=ORIENTED_EDGE('',*,*,#421,.T.);
#130=ORIENTED_EDGE('',*,*,#422,.T.);
#131=ORIENTED_EDGE('',*,*,#423,.F.);
#132=ORIENTED_EDGE('',*,*,#424,.T.);
#133=ORIENTED_EDGE('',*,*,#425,.F.);
#134=ORIENTED_EDGE('',*,*,#417,.F.);
#135=ORIENTED_EDGE('',*,*,#426,.T.);
#136=ORIENTED_EDGE('',*,*,#427,.T.);
#137=ORIENTED_EDGE('',*,*,#428,.F.);
#138=ORIENTED_EDGE('',*,*,#429,.T.);
#139=ORIENTED_EDGE('',*,*,#430,.T.);
#140=ORIENTED_EDGE('',*,*,#431,.F.);
#141=ORIENTED_EDGE('',*,*,#432,.F.);
#142=ORIENTED_EDGE('',*,*,#433,.T.);
#143=ORIENTED_EDGE('',*,*,#434,.T.);
#144=ORIENTED_EDGE('',*,*,#435,.F.);
#145=ORIENTED_EDGE('',*,*,#436,.T.);
#146=ORIENTED_EDGE('',*,*,#437,.F.);
#147=ORIENTED_EDGE('',*,*,#427,.F.);
#148=ORIENTED_EDGE('',*,*,#438,.T.);
#149=ORIENTED_EDGE('',*,*,#439,.T.);
#150=ORIENTED_EDGE('',*,*,#440,.F.);
#151=ORIENTED_EDGE('',*,*,#441,.T.);
#152=ORIENTED_EDGE('',*,*,#442,.F.);
#153=ORIENTED_EDGE('',*,*,#443,.F.);
#154=ORIENTED_EDGE('',*,*,#444,.F.);
#155=ORIENTED_EDGE('',*,*,#423,.T.);
#156=ORIENTED_EDGE('',*,*,#445,.T.);
#157=ORIENTED_EDGE('',*,*,#446,.T.);
#158=ORIENTED_EDGE('',*,*,#447,.T.);
#159=ORIENTED_EDGE('',*,*,#448,.T.);
#160=ORIENTED_EDGE('',*,*,#449,.T.);
#161=ORIENTED_EDGE('',*,*,#450,.T.);
#162=ORIENTED_EDGE('',*,*,#451,.T.);
#163=ORIENTED_EDGE('',*,*,#452,.T.);
#164=ORIENTED_EDGE('',*,*,#453,.T.);
#165=ORIENTED_EDGE('',*,*,#454,.T.);
#166=ORIENTED_EDGE('',*,*,#455,.T.);
#167=ORIENTED_EDGE('',*,*,#456,.T.);
#168=ORIENTED_EDGE('',*,*,#457,.T.);
#169=ORIENTED_EDGE('',*,*,#458,.T.);
#170=ORIENTED_EDGE('',*,*,#459,.T.);
#171=ORIENTED_EDGE('',*,*,#460,.T.);
#172=ORIENTED_EDGE('',*,*,#461,.F.);
#173=ORIENTED_EDGE('',*,*,#462,.F.);
#174=ORIENTED_EDGE('',*,*,#463,.T.);
#175=ORIENTED_EDGE('',*,*,#464,.T.);
#176=ORIENTED_EDGE('',*,*,#465,.T.);
#177=ORIENTED_EDGE('',*,*,#441,.F.);
#178=ORIENTED_EDGE('',*,*,#466,.F.);
#179=ORIENTED_EDGE('',*,*,#467,.T.);
#180=ORIENTED_EDGE('',*,*,#468,.F.);
#181=ORIENTED_EDGE('',*,*,#469,.T.);
#182=ORIENTED_EDGE('',*,*,#407,.T.);
#183=ORIENTED_EDGE('',*,*,#470,.T.);
#184=ORIENTED_EDGE('',*,*,#408,.T.);
#185=ORIENTED_EDGE('',*,*,#469,.F.);
#186=ORIENTED_EDGE('',*,*,#471,.F.);
#187=ORIENTED_EDGE('',*,*,#472,.T.);
#188=ORIENTED_EDGE('',*,*,#473,.F.);
#189=ORIENTED_EDGE('',*,*,#474,.T.);
#190=ORIENTED_EDGE('',*,*,#475,.T.);
#191=ORIENTED_EDGE('',*,*,#476,.T.);
#192=ORIENTED_EDGE('',*,*,#403,.T.);
#193=ORIENTED_EDGE('',*,*,#472,.F.);
#194=ORIENTED_EDGE('',*,*,#477,.T.);
#195=ORIENTED_EDGE('',*,*,#478,.T.);
#196=ORIENTED_EDGE('',*,*,#473,.T.);
#197=ORIENTED_EDGE('',*,*,#471,.T.);
#198=ORIENTED_EDGE('',*,*,#468,.T.);
#199=ORIENTED_EDGE('',*,*,#479,.T.);
#200=ORIENTED_EDGE('',*,*,#464,.F.);
#201=ORIENTED_EDGE('',*,*,#480,.T.);
#202=ORIENTED_EDGE('',*,*,#449,.F.);
#203=ORIENTED_EDGE('',*,*,#481,.F.);
#204=ORIENTED_EDGE('',*,*,#451,.F.);
#205=ORIENTED_EDGE('',*,*,#482,.T.);
#206=ORIENTED_EDGE('',*,*,#395,.F.);
#207=ORIENTED_EDGE('',*,*,#483,.F.);
#208=ORIENTED_EDGE('',*,*,#484,.F.);
#209=ORIENTED_EDGE('',*,*,#452,.F.);
#210=ORIENTED_EDGE('',*,*,#485,.F.);
#211=ORIENTED_EDGE('',*,*,#453,.F.);
#212=ORIENTED_EDGE('',*,*,#481,.T.);
#213=ORIENTED_EDGE('',*,*,#484,.T.);
#214=ORIENTED_EDGE('',*,*,#486,.F.);
#215=ORIENTED_EDGE('',*,*,#447,.F.);
#216=ORIENTED_EDGE('',*,*,#487,.T.);
#217=ORIENTED_EDGE('',*,*,#477,.F.);
#218=ORIENTED_EDGE('',*,*,#488,.T.);
#219=ORIENTED_EDGE('',*,*,#463,.F.);
#220=ORIENTED_EDGE('',*,*,#489,.F.);
#221=ORIENTED_EDGE('',*,*,#426,.F.);
#222=ORIENTED_EDGE('',*,*,#490,.F.);
#223=ORIENTED_EDGE('',*,*,#405,.F.);
#224=ORIENTED_EDGE('',*,*,#491,.T.);
#225=ORIENTED_EDGE('',*,*,#396,.F.);
#226=ORIENTED_EDGE('',*,*,#492,.T.);
#227=ORIENTED_EDGE('',*,*,#485,.T.);
#228=ORIENTED_EDGE('',*,*,#483,.T.);
#229=ORIENTED_EDGE('',*,*,#493,.F.);
#230=ORIENTED_EDGE('',*,*,#486,.T.);
#231=ORIENTED_EDGE('',*,*,#456,.F.);
#232=ORIENTED_EDGE('',*,*,#494,.F.);
#233=ORIENTED_EDGE('',*,*,#445,.F.);
#234=ORIENTED_EDGE('',*,*,#495,.T.);
#235=ORIENTED_EDGE('',*,*,#430,.F.);
#236=ORIENTED_EDGE('',*,*,#496,.T.);
#237=ORIENTED_EDGE('',*,*,#465,.F.);
#238=ORIENTED_EDGE('',*,*,#459,.F.);
#239=ORIENTED_EDGE('',*,*,#497,.T.);
#240=ORIENTED_EDGE('',*,*,#446,.F.);
#241=ORIENTED_EDGE('',*,*,#498,.F.);
#242=ORIENTED_EDGE('',*,*,#397,.F.);
#243=ORIENTED_EDGE('',*,*,#499,.T.);
#244=ORIENTED_EDGE('',*,*,#457,.F.);
#245=ORIENTED_EDGE('',*,*,#500,.F.);
#246=ORIENTED_EDGE('',*,*,#493,.T.);
#247=ORIENTED_EDGE('',*,*,#398,.F.);
#248=ORIENTED_EDGE('',*,*,#501,.F.);
#249=ORIENTED_EDGE('',*,*,#454,.F.);
#250=ORIENTED_EDGE('',*,*,#498,.T.);
#251=ORIENTED_EDGE('',*,*,#494,.T.);
#252=ORIENTED_EDGE('',*,*,#502,.F.);
#253=ORIENTED_EDGE('',*,*,#501,.T.);
#254=ORIENTED_EDGE('',*,*,#500,.T.);
#255=ORIENTED_EDGE('',*,*,#503,.F.);
#256=ORIENTED_EDGE('',*,*,#502,.T.);
#257=ORIENTED_EDGE('',*,*,#455,.F.);
#258=ORIENTED_EDGE('',*,*,#503,.T.);
#259=ORIENTED_EDGE('',*,*,#460,.F.);
#260=ORIENTED_EDGE('',*,*,#404,.F.);
#261=ORIENTED_EDGE('',*,*,#476,.F.);
#262=ORIENTED_EDGE('',*,*,#504,.F.);
#263=ORIENTED_EDGE('',*,*,#499,.F.);
#264=ORIENTED_EDGE('',*,*,#491,.F.);
#265=ORIENTED_EDGE('',*,*,#504,.T.);
#266=ORIENTED_EDGE('',*,*,#475,.F.);
#267=ORIENTED_EDGE('',*,*,#505,.F.);
#268=ORIENTED_EDGE('',*,*,#458,.F.);
#269=ORIENTED_EDGE('',*,*,#478,.F.);
#270=ORIENTED_EDGE('',*,*,#487,.F.);
#271=ORIENTED_EDGE('',*,*,#497,.F.);
#272=ORIENTED_EDGE('',*,*,#505,.T.);
#273=ORIENTED_EDGE('',*,*,#474,.F.);
#274=ORIENTED_EDGE('',*,*,#492,.F.);
#275=ORIENTED_EDGE('',*,*,#482,.F.);
#276=ORIENTED_EDGE('',*,*,#506,.F.);
#277=ORIENTED_EDGE('',*,*,#470,.F.);
#278=ORIENTED_EDGE('',*,*,#406,.F.);
#279=ORIENTED_EDGE('',*,*,#506,.T.);
#280=ORIENTED_EDGE('',*,*,#450,.F.);
#281=ORIENTED_EDGE('',*,*,#507,.F.);
#282=ORIENTED_EDGE('',*,*,#466,.T.);
#283=ORIENTED_EDGE('',*,*,#507,.T.);
#284=ORIENTED_EDGE('',*,*,#480,.F.);
#285=ORIENTED_EDGE('',*,*,#488,.F.);
#286=ORIENTED_EDGE('',*,*,#479,.F.);
#287=ORIENTED_EDGE('',*,*,#467,.F.);
#288=ORIENTED_EDGE('',*,*,#421,.F.);
#289=ORIENTED_EDGE('',*,*,#508,.T.);
#290=ORIENTED_EDGE('',*,*,#509,.F.);
#291=ORIENTED_EDGE('',*,*,#510,.T.);
#292=ORIENTED_EDGE('',*,*,#431,.T.);
#293=ORIENTED_EDGE('',*,*,#511,.T.);
#294=ORIENTED_EDGE('',*,*,#415,.T.);
#295=ORIENTED_EDGE('',*,*,#512,.T.);
#296=ORIENTED_EDGE('',*,*,#513,.F.);
#297=ORIENTED_EDGE('',*,*,#514,.T.);
#298=ORIENTED_EDGE('',*,*,#448,.F.);
#299=ORIENTED_EDGE('',*,*,#515,.F.);
#300=ORIENTED_EDGE('',*,*,#490,.T.);
#301=ORIENTED_EDGE('',*,*,#416,.T.);
#302=ORIENTED_EDGE('',*,*,#515,.T.);
#303=ORIENTED_EDGE('',*,*,#495,.F.);
#304=ORIENTED_EDGE('',*,*,#422,.F.);
#305=ORIENTED_EDGE('',*,*,#511,.F.);
#306=ORIENTED_EDGE('',*,*,#516,.F.);
#307=ORIENTED_EDGE('',*,*,#443,.T.);
#308=ORIENTED_EDGE('',*,*,#517,.F.);
#309=ORIENTED_EDGE('',*,*,#429,.F.);
#310=ORIENTED_EDGE('',*,*,#518,.F.);
#311=ORIENTED_EDGE('',*,*,#439,.F.);
#312=ORIENTED_EDGE('',*,*,#519,.T.);
#313=ORIENTED_EDGE('',*,*,#462,.T.);
#314=ORIENTED_EDGE('',*,*,#438,.F.);
#315=ORIENTED_EDGE('',*,*,#489,.T.);
#316=ORIENTED_EDGE('',*,*,#519,.F.);
#317=ORIENTED_EDGE('',*,*,#517,.T.);
#318=ORIENTED_EDGE('',*,*,#442,.T.);
#319=ORIENTED_EDGE('',*,*,#496,.F.);
#320=ORIENTED_EDGE('',*,*,#520,.F.);
#321=ORIENTED_EDGE('',*,*,#521,.T.);
#322=ORIENTED_EDGE('',*,*,#516,.T.);
#323=ORIENTED_EDGE('',*,*,#428,.T.);
#324=ORIENTED_EDGE('',*,*,#437,.T.);
#325=ORIENTED_EDGE('',*,*,#518,.T.);
#326=ORIENTED_EDGE('',*,*,#461,.T.);
#327=ORIENTED_EDGE('',*,*,#440,.T.);
#328=ORIENTED_EDGE('',*,*,#522,.F.);
#329=ORIENTED_EDGE('',*,*,#521,.F.);
#330=ORIENTED_EDGE('',*,*,#522,.T.);
#331=ORIENTED_EDGE('',*,*,#513,.T.);
#332=ORIENTED_EDGE('',*,*,#523,.F.);
#333=ORIENTED_EDGE('',*,*,#419,.T.);
#334=ORIENTED_EDGE('',*,*,#524,.T.);
#335=ORIENTED_EDGE('',*,*,#444,.T.);
#336=ORIENTED_EDGE('',*,*,#514,.F.);
#337=ORIENTED_EDGE('',*,*,#524,.F.);
#338=ORIENTED_EDGE('',*,*,#424,.F.);
#339=ORIENTED_EDGE('',*,*,#425,.T.);
#340=ORIENTED_EDGE('',*,*,#510,.F.);
#341=ORIENTED_EDGE('',*,*,#525,.F.);
#342=ORIENTED_EDGE('',*,*,#418,.F.);
#343=ORIENTED_EDGE('',*,*,#414,.F.);
#344=ORIENTED_EDGE('',*,*,#526,.T.);
#345=ORIENTED_EDGE('',*,*,#508,.F.);
#346=ORIENTED_EDGE('',*,*,#420,.F.);
#347=ORIENTED_EDGE('',*,*,#523,.T.);
#348=ORIENTED_EDGE('',*,*,#512,.F.);
#349=ORIENTED_EDGE('',*,*,#436,.F.);
#350=ORIENTED_EDGE('',*,*,#509,.T.);
#351=ORIENTED_EDGE('',*,*,#526,.F.);
#352=ORIENTED_EDGE('',*,*,#413,.T.);
#353=ORIENTED_EDGE('',*,*,#525,.T.);
#354=ORIENTED_EDGE('',*,*,#433,.F.);
#355=ORIENTED_EDGE('',*,*,#527,.F.);
#356=ORIENTED_EDGE('',*,*,#528,.T.);
#357=ORIENTED_EDGE('',*,*,#529,.T.);
#358=ORIENTED_EDGE('',*,*,#432,.T.);
#359=ORIENTED_EDGE('',*,*,#530,.F.);
#360=ORIENTED_EDGE('',*,*,#531,.F.);
#361=ORIENTED_EDGE('',*,*,#527,.T.);
#362=ORIENTED_EDGE('',*,*,#435,.T.);
#363=ORIENTED_EDGE('',*,*,#532,.F.);
#364=ORIENTED_EDGE('',*,*,#533,.F.);
#365=ORIENTED_EDGE('',*,*,#530,.T.);
#366=ORIENTED_EDGE('',*,*,#434,.F.);
#367=ORIENTED_EDGE('',*,*,#529,.F.);
#368=ORIENTED_EDGE('',*,*,#534,.T.);
#369=ORIENTED_EDGE('',*,*,#532,.T.);
#370=ORIENTED_EDGE('',*,*,#528,.F.);
#371=ORIENTED_EDGE('',*,*,#531,.T.);
#372=ORIENTED_EDGE('',*,*,#533,.T.);
#373=ORIENTED_EDGE('',*,*,#534,.F.);
#374=ORIENTED_EDGE('',*,*,#535,.F.);
#375=ORIENTED_EDGE('',*,*,#520,.T.);
#376=ORIENTED_EDGE('',*,*,#535,.T.);
#377=ORIENTED_EDGE('',*,*,#536,.F.);
#378=ORIENTED_EDGE('',*,*,#536,.T.);
#379=ORIENTED_EDGE('',*,*,#399,.F.);
#380=ORIENTED_EDGE('',*,*,#537,.F.);
#381=ORIENTED_EDGE('',*,*,#410,.T.);
#382=ORIENTED_EDGE('',*,*,#538,.T.);
#383=ORIENTED_EDGE('',*,*,#402,.T.);
#384=ORIENTED_EDGE('',*,*,#539,.F.);
#385=ORIENTED_EDGE('',*,*,#411,.F.);
#386=ORIENTED_EDGE('',*,*,#537,.T.);
#387=ORIENTED_EDGE('',*,*,#401,.T.);
#388=ORIENTED_EDGE('',*,*,#540,.F.);
#389=ORIENTED_EDGE('',*,*,#412,.F.);
#390=ORIENTED_EDGE('',*,*,#539,.T.);
#391=ORIENTED_EDGE('',*,*,#400,.F.);
#392=ORIENTED_EDGE('',*,*,#538,.F.);
#393=ORIENTED_EDGE('',*,*,#409,.T.);
#394=ORIENTED_EDGE('',*,*,#540,.T.);
#395=EDGE_CURVE('',#541,#542,#631,.T.);
#396=EDGE_CURVE('',#542,#543,#632,.F.);
#397=EDGE_CURVE('',#543,#544,#633,.T.);
#398=EDGE_CURVE('',#544,#541,#634,.T.);
#399=EDGE_CURVE('',#545,#546,#635,.T.);
#400=EDGE_CURVE('',#546,#547,#636,.T.);
#401=EDGE_CURVE('',#548,#547,#637,.T.);
#402=EDGE_CURVE('',#545,#548,#638,.T.);
#403=EDGE_CURVE('',#549,#550,#639,.T.);
#404=EDGE_CURVE('',#549,#551,#95,.T.);
#405=EDGE_CURVE('',#551,#552,#640,.T.);
#406=EDGE_CURVE('',#552,#553,#96,.F.);
#407=EDGE_CURVE('',#554,#553,#641,.T.);
#408=EDGE_CURVE('',#550,#554,#642,.T.);
#409=EDGE_CURVE('',#555,#556,#643,.T.);
#410=EDGE_CURVE('',#557,#555,#644,.T.);
#411=EDGE_CURVE('',#557,#558,#645,.T.);
#412=EDGE_CURVE('',#558,#556,#646,.T.);
#413=EDGE_CURVE('',#559,#560,#647,.T.);
#414=EDGE_CURVE('',#559,#561,#75,.T.);
#415=EDGE_CURVE('',#562,#561,#648,.T.);
#416=EDGE_CURVE('',#563,#562,#649,.T.);
#417=EDGE_CURVE('',#563,#564,#650,.T.);
#418=EDGE_CURVE('',#564,#560,#76,.T.);
#419=EDGE_CURVE('',#565,#566,#651,.T.);
#420=EDGE_CURVE('',#565,#567,#77,.T.);
#421=EDGE_CURVE('',#567,#568,#652,.T.);
#422=EDGE_CURVE('',#568,#569,#653,.T.);
#423=EDGE_CURVE('',#570,#569,#654,.T.);
#424=EDGE_CURVE('',#570,#566,#78,.T.);
#425=EDGE_CURVE('',#564,#571,#45,.T.);
#426=EDGE_CURVE('',#563,#572,#655,.T.);
#427=EDGE_CURVE('',#572,#573,#656,.T.);
#428=EDGE_CURVE('',#574,#573,#46,.T.);
#429=EDGE_CURVE('',#574,#575,#657,.T.);
#430=EDGE_CURVE('',#575,#576,#658,.F.);
#431=EDGE_CURVE('',#571,#576,#659,.T.);
#432=EDGE_CURVE('',#577,#578,#660,.T.);
#433=EDGE_CURVE('',#577,#579,#661,.T.);
#434=EDGE_CURVE('',#579,#580,#662,.T.);
#435=EDGE_CURVE('',#578,#580,#663,.T.);
#436=EDGE_CURVE('',#581,#581,#47,.T.);
#437=EDGE_CURVE('',#573,#582,#79,.T.);
#438=EDGE_CURVE('',#572,#583,#664,.T.);
#439=EDGE_CURVE('',#583,#582,#665,.T.);
#440=EDGE_CURVE('',#584,#585,#80,.T.);
#441=EDGE_CURVE('',#584,#586,#666,.T.);
#442=EDGE_CURVE('',#587,#586,#667,.T.);
#443=EDGE_CURVE('',#585,#587,#668,.T.);
#444=EDGE_CURVE('',#570,#588,#48,.T.);
#445=EDGE_CURVE('',#569,#589,#669,.F.);
#446=EDGE_CURVE('',#589,#590,#670,.F.);
#447=EDGE_CURVE('',#590,#591,#671,.T.);
#448=EDGE_CURVE('',#591,#588,#672,.T.);
#449=EDGE_CURVE('',#592,#593,#673,.T.);
#450=EDGE_CURVE('',#593,#594,#674,.T.);
#451=EDGE_CURVE('',#594,#595,#675,.F.);
#452=EDGE_CURVE('',#595,#592,#676,.F.);
#453=EDGE_CURVE('',#596,#597,#677,.T.);
#454=EDGE_CURVE('',#597,#598,#678,.F.);
#455=EDGE_CURVE('',#598,#599,#679,.F.);
#456=EDGE_CURVE('',#599,#596,#680,.T.);
#457=EDGE_CURVE('',#600,#601,#681,.F.);
#458=EDGE_CURVE('',#601,#602,#682,.F.);
#459=EDGE_CURVE('',#602,#603,#683,.T.);
#460=EDGE_CURVE('',#603,#600,#684,.T.);
#461=EDGE_CURVE('',#604,#584,#49,.T.);
#462=EDGE_CURVE('',#605,#604,#685,.T.);
#463=EDGE_CURVE('',#605,#606,#686,.T.);
#464=EDGE_CURVE('',#606,#607,#687,.F.);
#465=EDGE_CURVE('',#607,#586,#688,.F.);
#466=EDGE_CURVE('',#608,#609,#689,.T.);
#467=EDGE_CURVE('',#608,#610,#97,.T.);
#468=EDGE_CURVE('',#611,#610,#690,.T.);
#469=EDGE_CURVE('',#611,#554,#691,.T.);
#470=EDGE_CURVE('',#553,#609,#98,.F.);
#471=EDGE_CURVE('',#612,#611,#692,.T.);
#472=EDGE_CURVE('',#612,#550,#693,.T.);
#473=EDGE_CURVE('',#613,#612,#694,.T.);
#474=EDGE_CURVE('',#613,#614,#99,.F.);
#475=EDGE_CURVE('',#614,#615,#695,.T.);
#476=EDGE_CURVE('',#615,#549,#100,.T.);
#477=EDGE_CURVE('',#616,#617,#696,.T.);
#478=EDGE_CURVE('',#617,#613,#101,.F.);
#479=EDGE_CURVE('',#610,#616,#102,.T.);
#480=EDGE_CURVE('',#606,#593,#81,.T.);
#481=EDGE_CURVE('',#607,#592,#50,.T.);
#482=EDGE_CURVE('',#594,#542,#82,.F.);
#483=EDGE_CURVE('',#595,#541,#51,.T.);
#484=EDGE_CURVE('',#592,#596,#52,.T.);
#485=EDGE_CURVE('',#597,#595,#53,.T.);
#486=EDGE_CURVE('',#607,#596,#54,.F.);
#487=EDGE_CURVE('',#590,#617,#83,.T.);
#488=EDGE_CURVE('',#616,#606,#84,.F.);
#489=EDGE_CURVE('',#572,#605,#697,.T.);
#490=EDGE_CURVE('',#591,#563,#698,.T.);
#491=EDGE_CURVE('',#551,#543,#85,.F.);
#492=EDGE_CURVE('',#542,#552,#86,.T.);
#493=EDGE_CURVE('',#597,#541,#55,.F.);
#494=EDGE_CURVE('',#589,#599,#56,.T.);
#495=EDGE_CURVE('',#569,#576,#699,.T.);
#496=EDGE_CURVE('',#575,#586,#700,.T.);
#497=EDGE_CURVE('',#602,#590,#87,.F.);
#498=EDGE_CURVE('',#603,#589,#57,.T.);
#499=EDGE_CURVE('',#543,#601,#88,.T.);
#500=EDGE_CURVE('',#544,#600,#58,.T.);
#501=EDGE_CURVE('',#598,#544,#59,.T.);
#502=EDGE_CURVE('',#603,#599,#60,.F.);
#503=EDGE_CURVE('',#598,#600,#61,.F.);
#504=EDGE_CURVE('',#601,#615,#62,.T.);
#505=EDGE_CURVE('',#602,#614,#63,.T.);
#506=EDGE_CURVE('',#609,#594,#64,.T.);
#507=EDGE_CURVE('',#608,#593,#65,.T.);
#508=EDGE_CURVE('',#567,#618,#89,.T.);
#509=EDGE_CURVE('',#619,#618,#701,.T.);
#510=EDGE_CURVE('',#619,#571,#90,.T.);
#511=EDGE_CURVE('',#576,#568,#702,.T.);
#512=EDGE_CURVE('',#561,#620,#91,.T.);
#513=EDGE_CURVE('',#621,#620,#703,.T.);
#514=EDGE_CURVE('',#621,#588,#92,.T.);
#515=EDGE_CURVE('',#562,#591,#704,.T.);
#516=EDGE_CURVE('',#585,#574,#93,.T.);
#517=EDGE_CURVE('',#575,#587,#705,.T.);
#518=EDGE_CURVE('',#582,#604,#94,.T.);
#519=EDGE_CURVE('',#583,#605,#706,.T.);
#520=EDGE_CURVE('',#622,#622,#66,.T.);
#521=EDGE_CURVE('',#623,#623,#67,.T.);
#522=EDGE_CURVE('',#624,#624,#68,.T.);
#523=EDGE_CURVE('',#565,#620,#69,.T.);
#524=EDGE_CURVE('',#566,#621,#70,.T.);
#525=EDGE_CURVE('',#560,#619,#71,.T.);
#526=EDGE_CURVE('',#559,#618,#72,.T.);
#527=EDGE_CURVE('',#625,#577,#707,.T.);
#528=EDGE_CURVE('',#625,#626,#708,.T.);
#529=EDGE_CURVE('',#626,#579,#709,.T.);
#530=EDGE_CURVE('',#627,#578,#710,.T.);
#531=EDGE_CURVE('',#625,#627,#711,.T.);
#532=EDGE_CURVE('',#628,#580,#712,.T.);
#533=EDGE_CURVE('',#627,#628,#713,.T.);
#534=EDGE_CURVE('',#626,#628,#714,.T.);
#535=EDGE_CURVE('',#629,#629,#73,.T.);
#536=EDGE_CURVE('',#630,#630,#74,.T.);
#537=EDGE_CURVE('',#557,#545,#715,.T.);
#538=EDGE_CURVE('',#555,#546,#716,.T.);
#539=EDGE_CURVE('',#558,#548,#717,.T.);
#540=EDGE_CURVE('',#556,#547,#718,.T.);
#541=VERTEX_POINT('',#1543);
#542=VERTEX_POINT('',#1544);
#543=VERTEX_POINT('',#1546);
#544=VERTEX_POINT('',#1548);
#545=VERTEX_POINT('',#1551);
#546=VERTEX_POINT('',#1552);
#547=VERTEX_POINT('',#1554);
#548=VERTEX_POINT('',#1556);
#549=VERTEX_POINT('',#1560);
#550=VERTEX_POINT('',#1561);
#551=VERTEX_POINT('',#1566);
#552=VERTEX_POINT('',#1568);
#553=VERTEX_POINT('',#1573);
#554=VERTEX_POINT('',#1575);
#555=VERTEX_POINT('',#1578);
#556=VERTEX_POINT('',#1579);
#557=VERTEX_POINT('',#1581);
#558=VERTEX_POINT('',#1583);
#559=VERTEX_POINT('',#1587);
#560=VERTEX_POINT('',#1588);
#561=VERTEX_POINT('',#1590);
#562=VERTEX_POINT('',#1592);
#563=VERTEX_POINT('',#1594);
#564=VERTEX_POINT('',#1596);
#565=VERTEX_POINT('',#1600);
#566=VERTEX_POINT('',#1601);
#567=VERTEX_POINT('',#1603);
#568=VERTEX_POINT('',#1605);
#569=VERTEX_POINT('',#1607);
#570=VERTEX_POINT('',#1609);
#571=VERTEX_POINT('',#1613);
#572=VERTEX_POINT('',#1615);
#573=VERTEX_POINT('',#1617);
#574=VERTEX_POINT('',#1619);
#575=VERTEX_POINT('',#1621);
#576=VERTEX_POINT('',#1623);
#577=VERTEX_POINT('',#1626);
#578=VERTEX_POINT('',#1627);
#579=VERTEX_POINT('',#1629);
#580=VERTEX_POINT('',#1631);
#581=VERTEX_POINT('',#1635);
#582=VERTEX_POINT('',#1638);
#583=VERTEX_POINT('',#1640);
#584=VERTEX_POINT('',#1644);
#585=VERTEX_POINT('',#1645);
#586=VERTEX_POINT('',#1647);
#587=VERTEX_POINT('',#1649);
#588=VERTEX_POINT('',#1653);
#589=VERTEX_POINT('',#1655);
#590=VERTEX_POINT('',#1657);
#591=VERTEX_POINT('',#1659);
#592=VERTEX_POINT('',#1663);
#593=VERTEX_POINT('',#1664);
#594=VERTEX_POINT('',#1666);
#595=VERTEX_POINT('',#1668);
#596=VERTEX_POINT('',#1672);
#597=VERTEX_POINT('',#1673);
#598=VERTEX_POINT('',#1675);
#599=VERTEX_POINT('',#1677);
#600=VERTEX_POINT('',#1681);
#601=VERTEX_POINT('',#1682);
#602=VERTEX_POINT('',#1684);
#603=VERTEX_POINT('',#1686);
#604=VERTEX_POINT('',#1690);
#605=VERTEX_POINT('',#1692);
#606=VERTEX_POINT('',#1694);
#607=VERTEX_POINT('',#1696);
#608=VERTEX_POINT('',#1700);
#609=VERTEX_POINT('',#1701);
#610=VERTEX_POINT('',#1706);
#611=VERTEX_POINT('',#1708);
#612=VERTEX_POINT('',#1716);
#613=VERTEX_POINT('',#1720);
#614=VERTEX_POINT('',#1725);
#615=VERTEX_POINT('',#1727);
#616=VERTEX_POINT('',#1734);
#617=VERTEX_POINT('',#1735);
#618=VERTEX_POINT('',#1898);
#619=VERTEX_POINT('',#1900);
#620=VERTEX_POINT('',#1905);
#621=VERTEX_POINT('',#1907);
#622=VERTEX_POINT('',#1922);
#623=VERTEX_POINT('',#1924);
#624=VERTEX_POINT('',#1927);
#625=VERTEX_POINT('',#1940);
#626=VERTEX_POINT('',#1942);
#627=VERTEX_POINT('',#1946);
#628=VERTEX_POINT('',#1950);
#629=VERTEX_POINT('',#1957);
#630=VERTEX_POINT('',#1960);
#631=LINE('',#1542,#719);
#632=LINE('',#1545,#720);
#633=LINE('',#1547,#721);
#634=LINE('',#1549,#722);
#635=LINE('',#1550,#723);
#636=LINE('',#1553,#724);
#637=LINE('',#1555,#725);
#638=LINE('',#1557,#726);
#639=LINE('',#1559,#727);
#640=LINE('',#1567,#728);
#641=LINE('',#1574,#729);
#642=LINE('',#1576,#730);
#643=LINE('',#1577,#731);
#644=LINE('',#1580,#732);
#645=LINE('',#1582,#733);
#646=LINE('',#1584,#734);
#647=LINE('',#1586,#735);
#648=LINE('',#1591,#736);
#649=LINE('',#1593,#737);
#650=LINE('',#1595,#738);
#651=LINE('',#1599,#739);
#652=LINE('',#1604,#740);
#653=LINE('',#1606,#741);
#654=LINE('',#1608,#742);
#655=LINE('',#1614,#743);
#656=LINE('',#1616,#744);
#657=LINE('',#1620,#745);
#658=LINE('',#1622,#746);
#659=LINE('',#1624,#747);
#660=LINE('',#1625,#748);
#661=LINE('',#1628,#749);
#662=LINE('',#1630,#750);
#663=LINE('',#1632,#751);
#664=LINE('',#1639,#752);
#665=LINE('',#1641,#753);
#666=LINE('',#1646,#754);
#667=LINE('',#1648,#755);
#668=LINE('',#1650,#756);
#669=LINE('',#1654,#757);
#670=LINE('',#1656,#758);
#671=LINE('',#1658,#759);
#672=LINE('',#1660,#760);
#673=LINE('',#1662,#761);
#674=LINE('',#1665,#762);
#675=LINE('',#1667,#763);
#676=LINE('',#1669,#764);
#677=LINE('',#1671,#765);
#678=LINE('',#1674,#766);
#679=LINE('',#1676,#767);
#680=LINE('',#1678,#768);
#681=LINE('',#1680,#769);
#682=LINE('',#1683,#770);
#683=LINE('',#1685,#771);
#684=LINE('',#1687,#772);
#685=LINE('',#1691,#773);
#686=LINE('',#1693,#774);
#687=LINE('',#1695,#775);
#688=LINE('',#1697,#776);
#689=LINE('',#1699,#777);
#690=LINE('',#1707,#778);
#691=LINE('',#1709,#779);
#692=LINE('',#1715,#780);
#693=LINE('',#1717,#781);
#694=LINE('',#1719,#782);
#695=LINE('',#1726,#783);
#696=LINE('',#1733,#784);
#697=LINE('',#1758,#785);
#698=LINE('',#1759,#786);
#699=LINE('',#1767,#787);
#700=LINE('',#1768,#788);
#701=LINE('',#1899,#789);
#702=LINE('',#1902,#790);
#703=LINE('',#1906,#791);
#704=LINE('',#1909,#792);
#705=LINE('',#1914,#793);
#706=LINE('',#1917,#794);
#707=LINE('',#1939,#795);
#708=LINE('',#1941,#796);
#709=LINE('',#1943,#797);
#710=LINE('',#1945,#798);
#711=LINE('',#1947,#799);
#712=LINE('',#1949,#800);
#713=LINE('',#1951,#801);
#714=LINE('',#1953,#802);
#715=LINE('',#1963,#803);
#716=LINE('',#1964,#804);
#717=LINE('',#1966,#805);
#718=LINE('',#1968,#806);
#719=VECTOR('',#1232,1.);
#720=VECTOR('',#1233,1.);
#721=VECTOR('',#1234,1.);
#722=VECTOR('',#1235,1.);
#723=VECTOR('',#1236,1.);
#724=VECTOR('',#1237,1.);
#725=VECTOR('',#1238,1.);
#726=VECTOR('',#1239,1.);
#727=VECTOR('',#1242,1.);
#728=VECTOR('',#1243,1.);
#729=VECTOR('',#1244,1.);
#730=VECTOR('',#1245,1.);
#731=VECTOR('',#1246,1.);
#732=VECTOR('',#1247,1.);
#733=VECTOR('',#1248,1.);
#734=VECTOR('',#1249,1.);
#735=VECTOR('',#1252,1.);
#736=VECTOR('',#1255,1.);
#737=VECTOR('',#1256,1.);
#738=VECTOR('',#1257,1.);
#739=VECTOR('',#1262,1.);
#740=VECTOR('',#1265,1.);
#741=VECTOR('',#1266,1.);
#742=VECTOR('',#1267,1.);
#743=VECTOR('',#1274,1.);
#744=VECTOR('',#1275,1.);
#745=VECTOR('',#1278,1.);
#746=VECTOR('',#1279,1.);
#747=VECTOR('',#1280,1.);
#748=VECTOR('',#1281,1.);
#749=VECTOR('',#1282,1.);
#750=VECTOR('',#1283,1.);
#751=VECTOR('',#1284,1.);
#752=VECTOR('',#1293,1.);
#753=VECTOR('',#1294,1.);
#754=VECTOR('',#1299,1.);
#755=VECTOR('',#1300,1.);
#756=VECTOR('',#1301,1.);
#757=VECTOR('',#1306,1.);
#758=VECTOR('',#1307,1.);
#759=VECTOR('',#1308,1.);
#760=VECTOR('',#1309,1.);
#761=VECTOR('',#1312,1.);
#762=VECTOR('',#1313,1.);
#763=VECTOR('',#1314,1.);
#764=VECTOR('',#1315,1.);
#765=VECTOR('',#1318,1.);
#766=VECTOR('',#1319,1.);
#767=VECTOR('',#1320,1.);
#768=VECTOR('',#1321,1.);
#769=VECTOR('',#1324,1.);
#770=VECTOR('',#1325,1.);
#771=VECTOR('',#1326,1.);
#772=VECTOR('',#1327,1.);
#773=VECTOR('',#1332,1.);
#774=VECTOR('',#1333,1.);
#775=VECTOR('',#1334,1.);
#776=VECTOR('',#1335,1.);
#777=VECTOR('',#1338,1.);
#778=VECTOR('',#1339,1.);
#779=VECTOR('',#1340,1.);
#780=VECTOR('',#1343,1.);
#781=VECTOR('',#1344,1.);
#782=VECTOR('',#1347,1.);
#783=VECTOR('',#1348,1.);
#784=VECTOR('',#1351,1.);
#785=VECTOR('',#1380,1.);
#786=VECTOR('',#1381,1.);
#787=VECTOR('',#1396,1.);
#788=VECTOR('',#1397,1.);
#789=VECTOR('',#1440,1.);
#790=VECTOR('',#1443,1.);
#791=VECTOR('',#1448,1.);
#792=VECTOR('',#1451,1.);
#793=VECTOR('',#1460,1.);
#794=VECTOR('',#1465,1.);
#795=VECTOR('',#1502,1.);
#796=VECTOR('',#1503,1.);
#797=VECTOR('',#1504,1.);
#798=VECTOR('',#1507,1.);
#799=VECTOR('',#1508,1.);
#800=VECTOR('',#1511,1.);
#801=VECTOR('',#1512,1.);
#802=VECTOR('',#1515,1.);
#803=VECTOR('',#1530,1.);
#804=VECTOR('',#1531,1.);
#805=VECTOR('',#1534,1.);
#806=VECTOR('',#1537,1.);
#807=EDGE_LOOP('',(#103,#104,#105,#106));
#808=EDGE_LOOP('',(#107,#108,#109,#110));
#809=EDGE_LOOP('',(#111,#112,#113,#114,#115,#116));
#810=EDGE_LOOP('',(#117,#118,#119,#120));
#811=EDGE_LOOP('',(#121,#122,#123,#124,#125,#126));
#812=EDGE_LOOP('',(#127,#128,#129,#130,#131,#132));
#813=EDGE_LOOP('',(#133,#134,#135,#136,#137,#138,#139,#140));
#814=EDGE_LOOP('',(#141,#142,#143,#144));
#815=EDGE_LOOP('',(#145));
#816=EDGE_LOOP('',(#146,#147,#148,#149));
#817=EDGE_LOOP('',(#150,#151,#152,#153));
#818=EDGE_LOOP('',(#154,#155,#156,#157,#158,#159));
#819=EDGE_LOOP('',(#160,#161,#162,#163));
#820=EDGE_LOOP('',(#164,#165,#166,#167));
#821=EDGE_LOOP('',(#168,#169,#170,#171));
#822=EDGE_LOOP('',(#172,#173,#174,#175,#176,#177));
#823=EDGE_LOOP('',(#178,#179,#180,#181,#182,#183));
#824=EDGE_LOOP('',(#184,#185,#186,#187));
#825=EDGE_LOOP('',(#188,#189,#190,#191,#192,#193));
#826=EDGE_LOOP('',(#194,#195,#196,#197,#198,#199));
#827=EDGE_LOOP('',(#200,#201,#202,#203));
#828=EDGE_LOOP('',(#204,#205,#206,#207));
#829=EDGE_LOOP('',(#208,#209,#210,#211));
#830=EDGE_LOOP('',(#212,#213,#214));
#831=EDGE_LOOP('',(#215,#216,#217,#218,#219,#220,#221,#222));
#832=EDGE_LOOP('',(#223,#224,#225,#226));
#833=EDGE_LOOP('',(#227,#228,#229));
#834=EDGE_LOOP('',(#230,#231,#232,#233,#234,#235,#236,#237));
#835=EDGE_LOOP('',(#238,#239,#240,#241));
#836=EDGE_LOOP('',(#242,#243,#244,#245));
#837=EDGE_LOOP('',(#246,#247,#248,#249));
#838=EDGE_LOOP('',(#250,#251,#252));
#839=EDGE_LOOP('',(#253,#254,#255));
#840=EDGE_LOOP('',(#256,#257,#258,#259));
#841=EDGE_LOOP('',(#260,#261,#262,#263,#264));
#842=EDGE_LOOP('',(#265,#266,#267,#268));
#843=EDGE_LOOP('',(#269,#270,#271,#272,#273));
#844=EDGE_LOOP('',(#274,#275,#276,#277,#278));
#845=EDGE_LOOP('',(#279,#280,#281,#282));
#846=EDGE_LOOP('',(#283,#284,#285,#286,#287));
#847=EDGE_LOOP('',(#288,#289,#290,#291,#292,#293));
#848=EDGE_LOOP('',(#294,#295,#296,#297,#298,#299));
#849=EDGE_LOOP('',(#300,#301,#302));
#850=EDGE_LOOP('',(#303,#304,#305));
#851=EDGE_LOOP('',(#306,#307,#308,#309));
#852=EDGE_LOOP('',(#310,#311,#312,#313));
#853=EDGE_LOOP('',(#314,#315,#316));
#854=EDGE_LOOP('',(#317,#318,#319));
#855=EDGE_LOOP('',(#320));
#856=EDGE_LOOP('',(#321));
#857=EDGE_LOOP('',(#322,#323,#324,#325,#326,#327));
#858=EDGE_LOOP('',(#328));
#859=EDGE_LOOP('',(#329));
#860=EDGE_LOOP('',(#330));
#861=EDGE_LOOP('',(#331,#332,#333,#334));
#862=EDGE_LOOP('',(#335,#336,#337,#338));
#863=EDGE_LOOP('',(#339,#340,#341,#342));
#864=EDGE_LOOP('',(#343,#344,#345,#346,#347,#348));
#865=EDGE_LOOP('',(#349));
#866=EDGE_LOOP('',(#350,#351,#352,#353));
#867=EDGE_LOOP('',(#354,#355,#356,#357));
#868=EDGE_LOOP('',(#358,#359,#360,#361));
#869=EDGE_LOOP('',(#362,#363,#364,#365));
#870=EDGE_LOOP('',(#366,#367,#368,#369));
#871=EDGE_LOOP('',(#370,#371,#372,#373));
#872=EDGE_LOOP('',(#374));
#873=EDGE_LOOP('',(#375));
#874=EDGE_LOOP('',(#376));
#875=EDGE_LOOP('',(#377));
#876=EDGE_LOOP('',(#378));
#877=EDGE_LOOP('',(#379,#380,#381,#382));
#878=EDGE_LOOP('',(#383,#384,#385,#386));
#879=EDGE_LOOP('',(#387,#388,#389,#390));
#880=EDGE_LOOP('',(#391,#392,#393,#394));
#881=FACE_BOUND('',#807,.T.);
#882=FACE_BOUND('',#808,.T.);
#883=FACE_BOUND('',#809,.T.);
#884=FACE_BOUND('',#810,.T.);
#885=FACE_BOUND('',#811,.T.);
#886=FACE_BOUND('',#812,.T.);
#887=FACE_BOUND('',#813,.T.);
#888=FACE_BOUND('',#814,.T.);
#889=FACE_BOUND('',#815,.T.);
#890=FACE_BOUND('',#816,.T.);
#891=FACE_BOUND('',#817,.T.);
#892=FACE_BOUND('',#818,.T.);
#893=FACE_BOUND('',#819,.T.);
#894=FACE_BOUND('',#820,.T.);
#895=FACE_BOUND('',#821,.T.);
#896=FACE_BOUND('',#822,.T.);
#897=FACE_BOUND('',#823,.T.);
#898=FACE_BOUND('',#824,.T.);
#899=FACE_BOUND('',#825,.T.);
#900=FACE_BOUND('',#826,.T.);
#901=FACE_BOUND('',#827,.T.);
#902=FACE_BOUND('',#828,.T.);
#903=FACE_BOUND('',#829,.T.);
#904=FACE_BOUND('',#830,.T.);
#905=FACE_BOUND('',#831,.T.);
#906=FACE_BOUND('',#832,.T.);
#907=FACE_BOUND('',#833,.T.);
#908=FACE_BOUND('',#834,.T.);
#909=FACE_BOUND('',#835,.T.);
#910=FACE_BOUND('',#836,.T.);
#911=FACE_BOUND('',#837,.T.);
#912=FACE_BOUND('',#838,.T.);
#913=FACE_BOUND('',#839,.T.);
#914=FACE_BOUND('',#840,.T.);
#915=FACE_BOUND('',#841,.T.);
#916=FACE_BOUND('',#842,.T.);
#917=FACE_BOUND('',#843,.T.);
#918=FACE_BOUND('',#844,.T.);
#919=FACE_BOUND('',#845,.T.);
#920=FACE_BOUND('',#846,.T.);
#921=FACE_BOUND('',#847,.T.);
#922=FACE_BOUND('',#848,.T.);
#923=FACE_BOUND('',#849,.T.);
#924=FACE_BOUND('',#850,.T.);
#925=FACE_BOUND('',#851,.T.);
#926=FACE_BOUND('',#852,.T.);
#927=FACE_BOUND('',#853,.T.);
#928=FACE_BOUND('',#854,.T.);
#929=FACE_BOUND('',#855,.T.);
#930=FACE_BOUND('',#856,.T.);
#931=FACE_BOUND('',#857,.T.);
#932=FACE_BOUND('',#858,.T.);
#933=FACE_BOUND('',#859,.T.);
#934=FACE_BOUND('',#860,.T.);
#935=FACE_BOUND('',#861,.T.);
#936=FACE_BOUND('',#862,.T.);
#937=FACE_BOUND('',#863,.T.);
#938=FACE_BOUND('',#864,.T.);
#939=FACE_BOUND('',#865,.T.);
#940=FACE_BOUND('',#866,.T.);
#941=FACE_BOUND('',#867,.T.);
#942=FACE_BOUND('',#868,.T.);
#943=FACE_BOUND('',#869,.T.);
#944=FACE_BOUND('',#870,.T.);
#945=FACE_BOUND('',#871,.T.);
#946=FACE_BOUND('',#872,.T.);
#947=FACE_BOUND('',#873,.T.);
#948=FACE_BOUND('',#874,.T.);
#949=FACE_BOUND('',#875,.T.);
#950=FACE_BOUND('',#876,.T.);
#951=FACE_BOUND('',#877,.T.);
#952=FACE_BOUND('',#878,.T.);
#953=FACE_BOUND('',#879,.T.);
#954=FACE_BOUND('',#880,.T.);
#955=PLANE('',#1117);
#956=PLANE('',#1118);
#957=PLANE('',#1119);
#958=PLANE('',#1122);
#959=PLANE('',#1125);
#960=PLANE('',#1128);
#961=PLANE('',#1130);
#962=PLANE('',#1132);
#963=PLANE('',#1134);
#964=PLANE('',#1136);
#965=PLANE('',#1137);
#966=PLANE('',#1138);
#967=PLANE('',#1139);
#968=PLANE('',#1141);
#969=PLANE('',#1142);
#970=PLANE('',#1143);
#971=PLANE('',#1144);
#972=PLANE('',#1185);
#973=PLANE('',#1188);
#974=PLANE('',#1191);
#975=PLANE('',#1192);
#976=PLANE('',#1193);
#977=PLANE('',#1195);
#978=PLANE('',#1197);
#979=PLANE('',#1198);
#980=PLANE('',#1204);
#981=PLANE('',#1205);
#982=PLANE('',#1213);
#983=PLANE('',#1214);
#984=PLANE('',#1215);
#985=PLANE('',#1216);
#986=PLANE('',#1217);
#987=PLANE('',#1218);
#988=PLANE('',#1219);
#989=PLANE('',#1223);
#990=PLANE('',#1224);
#991=PLANE('',#1225);
#992=PLANE('',#1226);
#993=PLANE('',#1227);
#994=ADVANCED_FACE('',(#881,#882),#955,.F.);
#995=ADVANCED_FACE('',(#883,#884),#956,.T.);
#996=ADVANCED_FACE('',(#885),#957,.F.);
#997=ADVANCED_FACE('',(#886),#958,.F.);
#998=ADVANCED_FACE('',(#887,#888),#959,.T.);
#999=ADVANCED_FACE('Face appearance 1',(#889),#960,.T.);
#1000=ADVANCED_FACE('',(#890),#961,.T.);
#1001=ADVANCED_FACE('',(#891),#962,.T.);
#1002=ADVANCED_FACE('',(#892),#963,.T.);
#1003=ADVANCED_FACE('',(#893),#964,.T.);
#1004=ADVANCED_FACE('',(#894),#965,.T.);
#1005=ADVANCED_FACE('',(#895),#966,.T.);
#1006=ADVANCED_FACE('',(#896),#967,.T.);
#1007=ADVANCED_FACE('',(#897),#968,.F.);
#1008=ADVANCED_FACE('',(#898),#969,.F.);
#1009=ADVANCED_FACE('',(#899),#970,.F.);
#1010=ADVANCED_FACE('',(#900),#971,.F.);
#1011=ADVANCED_FACE('',(#901),#20,.T.);
#1012=ADVANCED_FACE('',(#902),#21,.T.);
#1013=ADVANCED_FACE('',(#903),#22,.T.);
#1014=ADVANCED_FACE('',(#904),#16,.T.);
#1015=ADVANCED_FACE('',(#905),#23,.T.);
#1016=ADVANCED_FACE('',(#906),#24,.T.);
#1017=ADVANCED_FACE('',(#907),#17,.T.);
#1018=ADVANCED_FACE('',(#908),#25,.T.);
#1019=ADVANCED_FACE('',(#909),#26,.T.);
#1020=ADVANCED_FACE('',(#910),#27,.T.);
#1021=ADVANCED_FACE('',(#911),#28,.T.);
#1022=ADVANCED_FACE('',(#912),#18,.T.);
#1023=ADVANCED_FACE('',(#913),#19,.T.);
#1024=ADVANCED_FACE('',(#914),#29,.T.);
#1025=ADVANCED_FACE('',(#915),#12,.T.);
#1026=ADVANCED_FACE('',(#916),#30,.T.);
#1027=ADVANCED_FACE('',(#917),#13,.T.);
#1028=ADVANCED_FACE('',(#918),#14,.T.);
#1029=ADVANCED_FACE('',(#919),#31,.T.);
#1030=ADVANCED_FACE('',(#920),#15,.T.);
#1031=ADVANCED_FACE('',(#921),#972,.F.);
#1032=ADVANCED_FACE('',(#922),#973,.F.);
#1033=ADVANCED_FACE('',(#923),#974,.T.);
#1034=ADVANCED_FACE('',(#924),#975,.F.);
#1035=ADVANCED_FACE('',(#925),#976,.T.);
#1036=ADVANCED_FACE('',(#926),#977,.T.);
#1037=ADVANCED_FACE('',(#927),#978,.T.);
#1038=ADVANCED_FACE('',(#928),#979,.F.);
#1039=ADVANCED_FACE('',(#929,#930),#32,.T.);
#1040=ADVANCED_FACE('',(#931,#932),#33,.F.);
#1041=ADVANCED_FACE('Face appearance 2',(#933,#934),#980,.T.);
#1042=ADVANCED_FACE('Face appearance 2',(#935),#981,.T.);
#1043=ADVANCED_FACE('',(#936),#34,.F.);
#1044=ADVANCED_FACE('',(#937),#35,.F.);
#1045=ADVANCED_FACE('',(#938,#939),#36,.T.);
#1046=ADVANCED_FACE('Face appearance 2',(#940),#982,.T.);
#1047=ADVANCED_FACE('',(#941),#983,.T.);
#1048=ADVANCED_FACE('',(#942),#984,.F.);
#1049=ADVANCED_FACE('',(#943),#985,.F.);
#1050=ADVANCED_FACE('',(#944),#986,.T.);
#1051=ADVANCED_FACE('Face appearance 3',(#945),#987,.T.);
#1052=ADVANCED_FACE('Face appearance 1',(#946,#947),#988,.T.);
#1053=ADVANCED_FACE('',(#948,#949),#37,.F.);
#1054=ADVANCED_FACE('Face appearance 2',(#950),#989,.T.);
#1055=ADVANCED_FACE('',(#951),#990,.T.);
#1056=ADVANCED_FACE('',(#952),#991,.F.);
#1057=ADVANCED_FACE('',(#953),#992,.F.);
#1058=ADVANCED_FACE('',(#954),#993,.T.);
#1059=CLOSED_SHELL('',(#994,#995,#996,#997,#998,#999,#1000,#1001,#1002,
#1003,#1004,#1005,#1006,#1007,#1008,#1009,#1010,#1011,#1012,#1013,#1014,
#1015,#1016,#1017,#1018,#1019,#1020,#1021,#1022,#1023,#1024,#1025,#1026,
#1027,#1028,#1029,#1030,#1031,#1032,#1033,#1034,#1035,#1036,#1037,#1038,
#1039,#1040,#1041,#1042,#1043,#1044,#1045,#1046,#1047,#1048,#1049,#1050,
#1051,#1052,#1053,#1054,#1055,#1056,#1057,#1058));
#1060=STYLED_ITEM('',(#1061),#1113);
#1061=PRESENTATION_STYLE_ASSIGNMENT((#1069));
#1062=PRESENTATION_STYLE_ASSIGNMENT((#1070));
#1063=PRESENTATION_STYLE_ASSIGNMENT((#1071));
#1064=PRESENTATION_STYLE_ASSIGNMENT((#1072));
#1065=PRESENTATION_STYLE_ASSIGNMENT((#1073));
#1066=PRESENTATION_STYLE_ASSIGNMENT((#1074));
#1067=PRESENTATION_STYLE_ASSIGNMENT((#1075));
#1068=PRESENTATION_STYLE_ASSIGNMENT((#1076));
#1069=SURFACE_STYLE_USAGE(.BOTH.,#1077);
#1070=SURFACE_STYLE_USAGE(.BOTH.,#1078);
#1071=SURFACE_STYLE_USAGE(.BOTH.,#1079);
#1072=SURFACE_STYLE_USAGE(.BOTH.,#1080);
#1073=SURFACE_STYLE_USAGE(.BOTH.,#1081);
#1074=SURFACE_STYLE_USAGE(.BOTH.,#1082);
#1075=SURFACE_STYLE_USAGE(.BOTH.,#1083);
#1076=SURFACE_STYLE_USAGE(.BOTH.,#1084);
#1077=SURFACE_SIDE_STYLE('',(#1085));
#1078=SURFACE_SIDE_STYLE('',(#1086));
#1079=SURFACE_SIDE_STYLE('',(#1087));
#1080=SURFACE_SIDE_STYLE('',(#1088));
#1081=SURFACE_SIDE_STYLE('',(#1089));
#1082=SURFACE_SIDE_STYLE('',(#1090));
#1083=SURFACE_SIDE_STYLE('',(#1091));
#1084=SURFACE_SIDE_STYLE('',(#1092));
#1085=SURFACE_STYLE_FILL_AREA(#1093);
#1086=SURFACE_STYLE_FILL_AREA(#1094);
#1087=SURFACE_STYLE_FILL_AREA(#1095);
#1088=SURFACE_STYLE_FILL_AREA(#1096);
#1089=SURFACE_STYLE_FILL_AREA(#1097);
#1090=SURFACE_STYLE_FILL_AREA(#1098);
#1091=SURFACE_STYLE_FILL_AREA(#1099);
#1092=SURFACE_STYLE_FILL_AREA(#1100);
#1093=FILL_AREA_STYLE('',(#1101));
#1094=FILL_AREA_STYLE('',(#1102));
#1095=FILL_AREA_STYLE('',(#1103));
#1096=FILL_AREA_STYLE('',(#1104));
#1097=FILL_AREA_STYLE('',(#1105));
#1098=FILL_AREA_STYLE('',(#1106));
#1099=FILL_AREA_STYLE('',(#1107));
#1100=FILL_AREA_STYLE('',(#1108));
#1101=FILL_AREA_STYLE_COLOUR('',#1109);
#1102=FILL_AREA_STYLE_COLOUR('',#1110);
#1103=FILL_AREA_STYLE_COLOUR('',#1111);
#1104=FILL_AREA_STYLE_COLOUR('',#1111);
#1105=FILL_AREA_STYLE_COLOUR('',#1111);
#1106=FILL_AREA_STYLE_COLOUR('',#1112);
#1107=FILL_AREA_STYLE_COLOUR('',#1110);
#1108=FILL_AREA_STYLE_COLOUR('',#1111);
#1109=COLOUR_RGB('',0.701960784313725,0.701960784313725,0.701960784313725);
#1110=COLOUR_RGB('',0.498039215686275,0.498039215686275,0.498039215686275);
#1111=COLOUR_RGB('',0.901960784313726,0.901960784313726,0.901960784313726);
#1112=COLOUR_RGB('',0.768627450980392,0.886274509803922,0.952941176470588);
#1113=MANIFOLD_SOLID_BREP('Top',#1059);
#1114=SHAPE_DEFINITION_REPRESENTATION(#1976,#1115);
#1115=SHAPE_REPRESENTATION('Top',(#1116),#1971);
#1116=AXIS2_PLACEMENT_3D('',#1540,#1228,#1229);
#1117=AXIS2_PLACEMENT_3D('',#1541,#1230,#1231);
#1118=AXIS2_PLACEMENT_3D('',#1558,#1240,#1241);
#1119=AXIS2_PLACEMENT_3D('',#1585,#1250,#1251);
#1120=AXIS2_PLACEMENT_3D('',#1589,#1253,#1254);
#1121=AXIS2_PLACEMENT_3D('',#1597,#1258,#1259);
#1122=AXIS2_PLACEMENT_3D('',#1598,#1260,#1261);
#1123=AXIS2_PLACEMENT_3D('',#1602,#1263,#1264);
#1124=AXIS2_PLACEMENT_3D('',#1610,#1268,#1269);
#1125=AXIS2_PLACEMENT_3D('',#1611,#1270,#1271);
#1126=AXIS2_PLACEMENT_3D('',#1612,#1272,#1273);
#1127=AXIS2_PLACEMENT_3D('',#1618,#1276,#1277);
#1128=AXIS2_PLACEMENT_3D('',#1633,#1285,#1286);
#1129=AXIS2_PLACEMENT_3D('',#1634,#1287,#1288);
#1130=AXIS2_PLACEMENT_3D('',#1636,#1289,#1290);
#1131=AXIS2_PLACEMENT_3D('',#1637,#1291,#1292);
#1132=AXIS2_PLACEMENT_3D('',#1642,#1295,#1296);
#1133=AXIS2_PLACEMENT_3D('',#1643,#1297,#1298);
#1134=AXIS2_PLACEMENT_3D('',#1651,#1302,#1303);
#1135=AXIS2_PLACEMENT_3D('',#1652,#1304,#1305);
#1136=AXIS2_PLACEMENT_3D('',#1661,#1310,#1311);
#1137=AXIS2_PLACEMENT_3D('',#1670,#1316,#1317);
#1138=AXIS2_PLACEMENT_3D('',#1679,#1322,#1323);
#1139=AXIS2_PLACEMENT_3D('',#1688,#1328,#1329);
#1140=AXIS2_PLACEMENT_3D('',#1689,#1330,#1331);
#1141=AXIS2_PLACEMENT_3D('',#1698,#1336,#1337);
#1142=AXIS2_PLACEMENT_3D('',#1714,#1341,#1342);
#1143=AXIS2_PLACEMENT_3D('',#1718,#1345,#1346);
#1144=AXIS2_PLACEMENT_3D('',#1732,#1349,#1350);
#1145=AXIS2_PLACEMENT_3D('',#1744,#1352,#1353);
#1146=AXIS2_PLACEMENT_3D('',#1745,#1354,#1355);
#1147=AXIS2_PLACEMENT_3D('',#1746,#1356,#1357);
#1148=AXIS2_PLACEMENT_3D('',#1747,#1358,#1359);
#1149=AXIS2_PLACEMENT_3D('',#1748,#1360,#1361);
#1150=AXIS2_PLACEMENT_3D('',#1749,#1362,#1363);
#1151=AXIS2_PLACEMENT_3D('',#1750,#1364,#1365);
#1152=AXIS2_PLACEMENT_3D('',#1751,#1366,#1367);
#1153=AXIS2_PLACEMENT_3D('',#1752,#1368,#1369);
#1154=AXIS2_PLACEMENT_3D('',#1753,#1370,#1371);
#1155=AXIS2_PLACEMENT_3D('',#1754,#1372,#1373);
#1156=AXIS2_PLACEMENT_3D('',#1755,#1374,#1375);
#1157=AXIS2_PLACEMENT_3D('',#1756,#1376,#1377);
#1158=AXIS2_PLACEMENT_3D('',#1757,#1378,#1379);
#1159=AXIS2_PLACEMENT_3D('',#1760,#1382,#1383);
#1160=AXIS2_PLACEMENT_3D('',#1761,#1384,#1385);
#1161=AXIS2_PLACEMENT_3D('',#1762,#1386,#1387);
#1162=AXIS2_PLACEMENT_3D('',#1763,#1388,#1389);
#1163=AXIS2_PLACEMENT_3D('',#1764,#1390,#1391);
#1164=AXIS2_PLACEMENT_3D('',#1765,#1392,#1393);
#1165=AXIS2_PLACEMENT_3D('',#1766,#1394,#1395);
#1166=AXIS2_PLACEMENT_3D('',#1769,#1398,#1399);
#1167=AXIS2_PLACEMENT_3D('',#1770,#1400,#1401);
#1168=AXIS2_PLACEMENT_3D('',#1771,#1402,#1403);
#1169=AXIS2_PLACEMENT_3D('',#1772,#1404,#1405);
#1170=AXIS2_PLACEMENT_3D('',#1773,#1406,#1407);
#1171=AXIS2_PLACEMENT_3D('',#1774,#1408,#1409);
#1172=AXIS2_PLACEMENT_3D('',#1775,#1410,#1411);
#1173=AXIS2_PLACEMENT_3D('',#1776,#1412,#1413);
#1174=AXIS2_PLACEMENT_3D('',#1777,#1414,#1415);
#1175=AXIS2_PLACEMENT_3D('',#1778,#1416,#1417);
#1176=AXIS2_PLACEMENT_3D('',#1779,#1418,#1419);
#1177=AXIS2_PLACEMENT_3D('',#1780,#1420,#1421);
#1178=AXIS2_PLACEMENT_3D('',#1781,#1422,#1423);
#1179=AXIS2_PLACEMENT_3D('',#1809,#1424,#1425);
#1180=AXIS2_PLACEMENT_3D('',#1810,#1426,#1427);
#1181=AXIS2_PLACEMENT_3D('',#1811,#1428,#1429);
#1182=AXIS2_PLACEMENT_3D('',#1866,#1430,#1431);
#1183=AXIS2_PLACEMENT_3D('',#1867,#1432,#1433);
#1184=AXIS2_PLACEMENT_3D('',#1868,#1434,#1435);
#1185=AXIS2_PLACEMENT_3D('',#1896,#1436,#1437);
#1186=AXIS2_PLACEMENT_3D('',#1897,#1438,#1439);
#1187=AXIS2_PLACEMENT_3D('',#1901,#1441,#1442);
#1188=AXIS2_PLACEMENT_3D('',#1903,#1444,#1445);
#1189=AXIS2_PLACEMENT_3D('',#1904,#1446,#1447);
#1190=AXIS2_PLACEMENT_3D('',#1908,#1449,#1450);
#1191=AXIS2_PLACEMENT_3D('',#1910,#1452,#1453);
#1192=AXIS2_PLACEMENT_3D('',#1911,#1454,#1455);
#1193=AXIS2_PLACEMENT_3D('',#1912,#1456,#1457);
#1194=AXIS2_PLACEMENT_3D('',#1913,#1458,#1459);
#1195=AXIS2_PLACEMENT_3D('',#1915,#1461,#1462);
#1196=AXIS2_PLACEMENT_3D('',#1916,#1463,#1464);
#1197=AXIS2_PLACEMENT_3D('',#1918,#1466,#1467);
#1198=AXIS2_PLACEMENT_3D('',#1919,#1468,#1469);
#1199=AXIS2_PLACEMENT_3D('',#1920,#1470,#1471);
#1200=AXIS2_PLACEMENT_3D('',#1921,#1472,#1473);
#1201=AXIS2_PLACEMENT_3D('',#1923,#1474,#1475);
#1202=AXIS2_PLACEMENT_3D('',#1925,#1476,#1477);
#1203=AXIS2_PLACEMENT_3D('',#1926,#1478,#1479);
#1204=AXIS2_PLACEMENT_3D('',#1928,#1480,#1481);
#1205=AXIS2_PLACEMENT_3D('',#1929,#1482,#1483);
#1206=AXIS2_PLACEMENT_3D('',#1930,#1484,#1485);
#1207=AXIS2_PLACEMENT_3D('',#1931,#1486,#1487);
#1208=AXIS2_PLACEMENT_3D('',#1932,#1488,#1489);
#1209=AXIS2_PLACEMENT_3D('',#1933,#1490,#1491);
#1210=AXIS2_PLACEMENT_3D('',#1934,#1492,#1493);
#1211=AXIS2_PLACEMENT_3D('',#1935,#1494,#1495);
#1212=AXIS2_PLACEMENT_3D('',#1936,#1496,#1497);
#1213=AXIS2_PLACEMENT_3D('',#1937,#1498,#1499);
#1214=AXIS2_PLACEMENT_3D('',#1938,#1500,#1501);
#1215=AXIS2_PLACEMENT_3D('',#1944,#1505,#1506);
#1216=AXIS2_PLACEMENT_3D('',#1948,#1509,#1510);
#1217=AXIS2_PLACEMENT_3D('',#1952,#1513,#1514);
#1218=AXIS2_PLACEMENT_3D('',#1954,#1516,#1517);
#1219=AXIS2_PLACEMENT_3D('',#1955,#1518,#1519);
#1220=AXIS2_PLACEMENT_3D('',#1956,#1520,#1521);
#1221=AXIS2_PLACEMENT_3D('',#1958,#1522,#1523);
#1222=AXIS2_PLACEMENT_3D('',#1959,#1524,#1525);
#1223=AXIS2_PLACEMENT_3D('',#1961,#1526,#1527);
#1224=AXIS2_PLACEMENT_3D('',#1962,#1528,#1529);
#1225=AXIS2_PLACEMENT_3D('',#1965,#1532,#1533);
#1226=AXIS2_PLACEMENT_3D('',#1967,#1535,#1536);
#1227=AXIS2_PLACEMENT_3D('',#1969,#1538,#1539);
#1228=DIRECTION('',(0.,0.,1.));
#1229=DIRECTION('',(1.,0.,0.));
#1230=DIRECTION('',(3.57285466647663E-14,-7.91516481608713E-21,1.));
#1231=DIRECTION('',(1.,2.82797335490885E-34,-3.57285466647663E-14));
#1232=DIRECTION('',(1.85037170770863E-14,-1.,-7.91516547719805E-21));
#1233=DIRECTION('',(1.,1.86719326868777E-14,-3.57285466647663E-14));
#1234=DIRECTION('',(-1.8503717077086E-14,1.,7.91516547719805E-21));
#1235=DIRECTION('',(1.,1.86632318794746E-14,-3.57285466647663E-14));
#1236=DIRECTION('',(-1.,2.72469655912587E-16,3.57285466647663E-14));
#1237=DIRECTION('',(-2.86731153054018E-16,-1.,-7.91516480584265E-21));
#1238=DIRECTION('',(-1.,2.72469655912587E-16,3.57285466647663E-14));
#1239=DIRECTION('',(-2.82797335490885E-34,-1.,-7.91516481608713E-21));
#1240=DIRECTION('',(3.57285466647663E-14,-7.91516481608713E-21,1.));
#1241=DIRECTION('',(1.,2.82797335490885E-34,-3.57285466647663E-14));
#1242=DIRECTION('',(-1.8503717077086E-14,1.,7.91516547719805E-21));
#1243=DIRECTION('',(1.,1.86719326868777E-14,-3.57285466647663E-14));
#1244=DIRECTION('',(1.85037170770863E-14,-1.,-7.91516547719805E-21));
#1245=DIRECTION('',(1.,1.86632318794746E-14,-3.57285466647663E-14));
#1246=DIRECTION('',(-2.86731153054018E-16,-1.,-7.91516480584265E-21));
#1247=DIRECTION('',(-1.,2.72469655912587E-16,3.57285466647663E-14));
#1248=DIRECTION('',(-2.82797335490885E-34,-1.,-7.91516481608713E-21));
#1249=DIRECTION('',(-1.,2.72469655912587E-16,3.57285466647663E-14));
#1250=DIRECTION('',(0.472175964227072,8.8123364855369E-15,-0.881504315818269));
#1251=DIRECTION('',(-0.881504315818269,0.,-0.472175964227073));
#1252=DIRECTION('',(1.86632318794746E-14,-1.,-7.91516548289728E-21));
#1253=DIRECTION('',(0.472175964227072,8.8123364855369E-15,-0.881504315818269));
#1254=DIRECTION('',(0.881504315818269,1.64517157115231E-14,0.472175964227073));
#1255=DIRECTION('',(-1.86632318794746E-14,1.,7.91516548289728E-21));
#1256=DIRECTION('',(-0.881504315818269,-1.64517157115231E-14,-0.472175964227072));
#1257=DIRECTION('',(-1.86632318794746E-14,1.,7.91516548289728E-21));
#1258=DIRECTION('',(0.472175964227072,8.8123364855369E-15,-0.881504315818269));
#1259=DIRECTION('',(0.881504315818269,1.64517157115231E-14,0.472175964227073));
#1260=DIRECTION('',(-0.472175964227072,-8.81232253103182E-15,-0.881504315818269));
#1261=DIRECTION('',(-0.881504315818269,0.,0.472175964227072));
#1262=DIRECTION('',(-1.86632318794746E-14,1.,7.91516548289728E-21));
#1263=DIRECTION('',(-0.472175964227072,-8.81232253103182E-15,-0.881504315818269));
#1264=DIRECTION('',(-0.881504315818269,-1.64517231862249E-14,0.472175964227072));
#1265=DIRECTION('',(-1.86632318794746E-14,1.,7.91516548289728E-21));
#1266=DIRECTION('',(-0.881504315818269,-1.64517231862249E-14,0.472175964227072));
#1267=DIRECTION('',(-1.86632318794746E-14,1.,7.91516548289728E-21));
#1268=DIRECTION('',(-0.472175964227072,-8.81232253103182E-15,-0.881504315818269));
#1269=DIRECTION('',(-0.881504315818269,-1.64517231862249E-14,0.472175964227072));
#1270=DIRECTION('',(3.57285466647663E-14,-7.91516481608713E-21,1.));
#1271=DIRECTION('',(1.,2.82797335490885E-34,-3.57285466647663E-14));
#1272=DIRECTION('',(3.57285466647663E-14,-7.91516481608713E-21,1.));
#1273=DIRECTION('',(1.,0.,-3.57285466647663E-14));
#1274=DIRECTION('',(1.,1.86719326868777E-14,-3.57285466647663E-14));
#1275=DIRECTION('',(-1.86632318794746E-14,1.,7.91516548289728E-21));
#1276=DIRECTION('',(3.57285466647663E-14,-7.91516481608713E-21,1.));
#1277=DIRECTION('',(1.,0.,-3.57285466647663E-14));
#1278=DIRECTION('',(-1.86632318794746E-14,1.,7.91516548289728E-21));
#1279=DIRECTION('',(1.,1.86632318794746E-14,-3.57285466647663E-14));
#1280=DIRECTION('',(-1.86632318794746E-14,1.,7.91516548289728E-21));
#1281=DIRECTION('',(-2.82797335490885E-34,-1.,-7.91516481608713E-21));
#1282=DIRECTION('',(1.,5.85546288983724E-36,-3.57285466647663E-14));
#1283=DIRECTION('',(-2.82797335490885E-34,-1.,-7.91516481608713E-21));
#1284=DIRECTION('',(1.,5.85546288983724E-36,-3.57285466647663E-14));
#1285=DIRECTION('',(3.57285466647663E-14,-7.91516481608713E-21,1.));
#1286=DIRECTION('',(1.,2.82797335490885E-34,-3.57285466647663E-14));
#1287=DIRECTION('',(3.57285466647663E-14,-7.91516481608713E-21,1.));
#1288=DIRECTION('',(1.,0.,-3.57285466647663E-14));
#1289=DIRECTION('',(0.565594190365114,1.05558089969598E-14,0.824683704110389));
#1290=DIRECTION('',(0.824683704110389,0.,-0.565594190365114));
#1291=DIRECTION('',(0.565594190365114,1.05558089969598E-14,0.824683704110389));
#1292=DIRECTION('',(-0.824683704110389,-1.53912676738079E-14,0.565594190365114));
#1293=DIRECTION('',(0.824683704110389,1.53912676738079E-14,-0.565594190365114));
#1294=DIRECTION('',(-1.86632318794746E-14,1.,7.91516548289728E-21));
#1295=DIRECTION('',(-0.565594190365114,-1.05558220519758E-14,0.824683704110389));
#1296=DIRECTION('',(0.824683704110389,0.,0.565594190365114));
#1297=DIRECTION('',(-0.565594190365114,-1.05558220519758E-14,0.824683704110389));
#1298=DIRECTION('',(0.824683704110389,1.53912587202646E-14,0.565594190365114));
#1299=DIRECTION('',(-1.86632318794746E-14,1.,7.91516548289728E-21));
#1300=DIRECTION('',(0.824683704110389,1.53912587202646E-14,0.565594190365114));
#1301=DIRECTION('',(-1.86632318794746E-14,1.,7.91516548289728E-21));
#1302=DIRECTION('',(3.57285466647663E-14,-7.91516481608713E-21,1.));
#1303=DIRECTION('',(1.,2.82797335490885E-34,-3.57285466647663E-14));
#1304=DIRECTION('',(3.57285466647663E-14,-7.91516481608713E-21,1.));
#1305=DIRECTION('',(1.,0.,-3.57285466647663E-14));
#1306=DIRECTION('',(1.,1.86632318794746E-14,-3.57285466647663E-14));
#1307=DIRECTION('',(-1.8503717077086E-14,1.,7.91516547719805E-21));
#1308=DIRECTION('',(1.,1.86719326868777E-14,-3.57285466647663E-14));
#1309=DIRECTION('',(-1.86632318794746E-14,1.,7.91516548289728E-21));
#1310=DIRECTION('',(1.,1.85037170770863E-14,-3.57285466647663E-14));
#1311=DIRECTION('',(-3.57285466647663E-14,0.,-1.));
#1312=DIRECTION('',(1.85037170770863E-14,-1.,-7.91516547719805E-21));
#1313=DIRECTION('',(-3.57285466647663E-14,7.91516481608713E-21,-1.));
#1314=DIRECTION('',(1.85037170770863E-14,-1.,-7.91516547719805E-21));
#1315=DIRECTION('',(-3.57285466647663E-14,7.91516481608713E-21,-1.));
#1316=DIRECTION('',(-1.86632318794746E-14,1.,7.91516548289728E-21));
#1317=DIRECTION('',(1.,1.86632318794746E-14,0.));
#1318=DIRECTION('',(-3.57285466647663E-14,7.91516481608713E-21,-1.));
#1319=DIRECTION('',(1.,1.86632318794746E-14,-3.57285466647663E-14));
#1320=DIRECTION('',(-3.57285466647663E-14,7.91516481608713E-21,-1.));
#1321=DIRECTION('',(1.,1.86632318794746E-14,-3.57285466647663E-14));
#1322=DIRECTION('',(-1.,-1.8503717077086E-14,3.57285466647663E-14));
#1323=DIRECTION('',(3.57285466647663E-14,0.,1.));
#1324=DIRECTION('',(-1.8503717077086E-14,1.,7.91516547719805E-21));
#1325=DIRECTION('',(-3.57285466647663E-14,7.91516481608713E-21,-1.));
#1326=DIRECTION('',(-1.8503717077086E-14,1.,7.91516547719805E-21));
#1327=DIRECTION('',(-3.57285466647663E-14,7.91516481608713E-21,-1.));
#1328=DIRECTION('',(3.57285466647663E-14,-7.91516481608713E-21,1.));
#1329=DIRECTION('',(1.,2.82797335490885E-34,-3.57285466647663E-14));
#1330=DIRECTION('',(3.57285466647663E-14,-7.91516481608713E-21,1.));
#1331=DIRECTION('',(1.,0.,-3.57285466647663E-14));
#1332=DIRECTION('',(-1.86632318794746E-14,1.,7.91516548289728E-21));
#1333=DIRECTION('',(1.,1.86719326868777E-14,-3.57285466647663E-14));
#1334=DIRECTION('',(1.85037170770863E-14,-1.,-7.91516547719805E-21));
#1335=DIRECTION('',(1.,1.86632318794746E-14,-3.57285466647663E-14));
#1336=DIRECTION('',(1.,1.85037170770863E-14,-3.57285466647663E-14));
#1337=DIRECTION('',(-3.57285466647663E-14,0.,-1.));
#1338=DIRECTION('',(-3.57285466647663E-14,7.91516481608713E-21,-1.));
#1339=DIRECTION('',(1.85037170770863E-14,-1.,-7.91516547719805E-21));
#1340=DIRECTION('',(-3.57285466647663E-14,7.91516481608713E-21,-1.));
#1341=DIRECTION('',(-1.86632318794746E-14,1.,7.91516548289728E-21));
#1342=DIRECTION('',(1.,1.86632318794746E-14,0.));
#1343=DIRECTION('',(1.,1.86632318794746E-14,-3.57285466647663E-14));
#1344=DIRECTION('',(-3.57285466647663E-14,7.91516481608713E-21,-1.));
#1345=DIRECTION('',(-1.,-1.8503717077086E-14,3.57285466647663E-14));
#1346=DIRECTION('',(3.57285466647663E-14,0.,1.));
#1347=DIRECTION('',(-1.8503717077086E-14,1.,7.91516547719805E-21));
#1348=DIRECTION('',(-3.57285466647663E-14,7.91516481608713E-21,-1.));
#1349=DIRECTION('',(3.57285466647663E-14,-7.91516481608713E-21,1.));
#1350=DIRECTION('',(1.,2.82797335490885E-34,-3.57285466647663E-14));
#1351=DIRECTION('',(-1.,-1.86719326868777E-14,3.57285466647663E-14));
#1352=DIRECTION('',(1.85037170770863E-14,-1.,-7.91516547719805E-21));
#1353=DIRECTION('',(-1.,-1.85037170770863E-14,0.));
#1354=DIRECTION('',(0.169101903478646,0.98559857256385,-6.04175744836246E-15));
#1355=DIRECTION('',(-0.98559857256385,0.169101903478646,4.53246700774057E-14));
#1356=DIRECTION('',(-1.91612282369612E-14,1.,6.97590068342947E-28));
#1357=DIRECTION('',(1.,1.91612282369612E-14,0.));
#1358=DIRECTION('',(-1.85037170770863E-14,1.,7.91516547719805E-21));
#1359=DIRECTION('',(1.,1.85037170770863E-14,0.));
#1360=DIRECTION('',(-0.169101903478646,-0.98559857256385,6.04175744836246E-15));
#1361=DIRECTION('',(0.98559857256385,-0.169101903478646,-3.57639974829529E-14));
#1362=DIRECTION('',(-1.91612282369612E-14,1.,1.91612282369682E-15));
#1363=DIRECTION('',(1.,1.91612282369612E-14,0.));
#1364=DIRECTION('',(-3.57285466647663E-14,7.91516481608713E-21,-1.));
#1365=DIRECTION('',(-1.,0.,3.57285466647663E-14));
#1366=DIRECTION('',(3.44902108265301E-14,6.60874801588055E-28,1.));
#1367=DIRECTION('',(1.,0.,-3.44902108265301E-14));
#1368=DIRECTION('',(-3.56877875913402E-14,-6.83821843309862E-28,-1.));
#1369=DIRECTION('',(-1.,0.,3.56877875913402E-14));
#1370=DIRECTION('',(1.,1.91612282369612E-14,-3.44902108265301E-14));
#1371=DIRECTION('',(-3.44902108265301E-14,0.,-1.));
#1372=DIRECTION('',(1.,1.91612282369612E-14,-3.64063336502263E-14));
#1373=DIRECTION('',(-3.64063336502263E-14,0.,-1.));
#1374=DIRECTION('',(-1.,-1.86719326868777E-14,3.57285466647663E-14));
#1375=DIRECTION('',(3.57285466647663E-14,0.,1.));
#1376=DIRECTION('',(0.98559857256385,-0.169101903478646,-3.5214005931044E-14));
#1377=DIRECTION('',(0.169101903478646,0.98559857256385,-7.55411167956762E-15));
#1378=DIRECTION('',(0.985598572563843,0.169101903478689,-3.52140032541049E-14));
#1379=DIRECTION('',(-0.169101903478689,0.985598572563843,7.5541116795676E-15));
#1380=DIRECTION('',(1.,1.86632318794746E-14,1.16690517256388E-35));
#1381=DIRECTION('',(1.,1.86632318794746E-14,6.85121559176178E-36));
#1382=DIRECTION('',(1.,1.86719326868777E-14,-3.57285466647663E-14));
#1383=DIRECTION('',(-3.57285466647663E-14,0.,-1.));
#1384=DIRECTION('',(-0.98559857256385,0.169101903478647,3.5214005931044E-14));
#1385=DIRECTION('',(-0.169101903478647,-0.98559857256385,6.13771573964869E-15));
#1386=DIRECTION('',(-0.985598572563843,-0.169101903478689,3.52140032541049E-14));
#1387=DIRECTION('',(0.169101903478689,-0.985598572563843,-6.13771573964868E-15));
#1388=DIRECTION('',(1.,1.91612282369612E-14,-3.56877875913402E-14));
#1389=DIRECTION('',(-3.56877875913402E-14,0.,-1.));
#1390=DIRECTION('',(1.,1.91612282369613E-14,-3.64063336502262E-14));
#1391=DIRECTION('',(-3.64063336502262E-14,0.,-1.));
#1392=DIRECTION('',(1.,1.86632318794746E-14,-3.57285466647663E-14));
#1393=DIRECTION('',(-3.57285466647663E-14,0.,-1.));
#1394=DIRECTION('',(-1.,-1.91612282369612E-14,3.64063336502263E-14));
#1395=DIRECTION('',(3.64063336502263E-14,0.,1.));
#1396=DIRECTION('',(1.,1.86632318794746E-14,6.85121559176178E-36));
#1397=DIRECTION('',(1.,1.86632318794746E-14,1.16690517256388E-35));
#1398=DIRECTION('',(-1.8503717077086E-14,1.,7.91516547719805E-21));
#1399=DIRECTION('',(1.,1.8503717077086E-14,0.));
#1400=DIRECTION('',(0.169101903478688,-0.985598572563843,-6.04177305071426E-15));
#1401=DIRECTION('',(0.985598572563843,0.169101903478688,-4.53246700774056E-14));
#1402=DIRECTION('',(-1.91612282369612E-14,1.,6.97590068342947E-28));
#1403=DIRECTION('',(1.,1.91612282369612E-14,0.));
#1404=DIRECTION('',(1.8503717077086E-14,-1.,-7.91516547719805E-21));
#1405=DIRECTION('',(-1.,-1.8503717077086E-14,0.));
#1406=DIRECTION('',(-0.169101903478689,0.985598572563843,6.0417730507143E-15));
#1407=DIRECTION('',(-0.985598572563843,-0.169101903478689,3.57639974829528E-14));
#1408=DIRECTION('',(-2.10773510606573E-14,1.,7.67349075177241E-28));
#1409=DIRECTION('',(1.,2.10773510606573E-14,0.));
#1410=DIRECTION('',(-1.,-1.86632318794746E-14,3.57285466647663E-14));
#1411=DIRECTION('',(3.57285466647663E-14,0.,1.));
#1412=DIRECTION('',(-1.,-1.91612282369612E-14,3.64063336502262E-14));
#1413=DIRECTION('',(3.64063336502262E-14,0.,1.));
#1414=DIRECTION('',(3.64063336502263E-14,0.,1.));
#1415=DIRECTION('',(1.,0.,-3.64063336502263E-14));
#1416=DIRECTION('',(3.44902108265301E-14,6.60874801588055E-28,1.));
#1417=DIRECTION('',(1.,0.,-3.44902108265301E-14));
#1418=DIRECTION('',(-3.64063336502262E-14,1.91612282369612E-15,-1.));
#1419=DIRECTION('',(-1.,0.,3.64063336502262E-14));
#1420=DIRECTION('',(-3.56877875913402E-14,-6.83821843309862E-28,-1.));
#1421=DIRECTION('',(-1.,0.,3.56877875913402E-14));
#1422=DIRECTION('',(-3.57285466647663E-14,7.91516481608713E-21,-1.));
#1423=DIRECTION('',(-1.,0.,3.57285466647663E-14));
#1424=DIRECTION('',(3.41162283608771E-14,1.44560289664797E-15,1.));
#1425=DIRECTION('',(1.,0.,-3.41162283608771E-14));
#1426=DIRECTION('',(3.57285466647663E-14,-7.91516481608713E-21,1.));
#1427=DIRECTION('',(1.,0.,-3.57285466647663E-14));
#1428=DIRECTION('',(3.7007434154184E-14,-6.5688195623655E-13,1.));
#1429=DIRECTION('',(0.,-1.,-6.5688195623655E-13));
#1430=DIRECTION('',(3.55618312575124E-14,6.56303715077892E-13,1.));
#1431=DIRECTION('',(0.,-1.,6.56303715077892E-13));
#1432=DIRECTION('',(3.57285466647663E-14,-7.91516481608713E-21,1.));
#1433=DIRECTION('',(1.,0.,-3.57285466647663E-14));
#1434=DIRECTION('',(3.23815048849003E-14,5.99178204920472E-28,1.));
#1435=DIRECTION('',(1.,0.,-3.23815048849003E-14));
#1436=DIRECTION('',(0.472175964227072,8.8123364855369E-15,-0.881504315818269));
#1437=DIRECTION('',(-0.881504315818269,0.,-0.472175964227073));
#1438=DIRECTION('',(0.472175964227072,8.8123364855369E-15,-0.881504315818269));
#1439=DIRECTION('',(0.881504315818269,1.64517157115231E-14,0.472175964227073));
#1440=DIRECTION('',(1.86632318794746E-14,-1.,-7.91516548289728E-21));
#1441=DIRECTION('',(0.472175964227072,8.8123364855369E-15,-0.881504315818269));
#1442=DIRECTION('',(0.881504315818269,1.64517157115231E-14,0.472175964227073));
#1443=DIRECTION('',(-0.881504315818269,-1.64517157115231E-14,-0.472175964227072));
#1444=DIRECTION('',(-0.472175964227072,-8.81232253103182E-15,-0.881504315818269));
#1445=DIRECTION('',(-0.881504315818269,0.,0.472175964227072));
#1446=DIRECTION('',(-0.472175964227072,-8.81232253103182E-15,-0.881504315818269));
#1447=DIRECTION('',(-0.881504315818269,-1.64517231862249E-14,0.472175964227072));
#1448=DIRECTION('',(-1.86632318794746E-14,1.,7.91516548289728E-21));
#1449=DIRECTION('',(-0.472175964227072,-8.81232253103182E-15,-0.881504315818269));
#1450=DIRECTION('',(-0.881504315818269,-1.64517231862249E-14,0.472175964227072));
#1451=DIRECTION('',(-0.881504315818269,-1.64517231862249E-14,0.472175964227072));
#1452=DIRECTION('',(-1.86632318794746E-14,1.,7.91516548289728E-21));
#1453=DIRECTION('',(1.,1.86632318794746E-14,1.47722568771726E-34));
#1454=DIRECTION('',(-1.86632318794746E-14,1.,7.91516548289728E-21));
#1455=DIRECTION('',(1.,1.86632318794746E-14,1.47722568771726E-34));
#1456=DIRECTION('',(0.565594190365114,1.05558089969598E-14,0.824683704110389));
#1457=DIRECTION('',(0.824683704110389,0.,-0.565594190365114));
#1458=DIRECTION('',(0.565594190365114,1.05558089969598E-14,0.824683704110389));
#1459=DIRECTION('',(-0.824683704110389,-1.53912676738079E-14,0.565594190365114));
#1460=DIRECTION('',(0.824683704110389,1.53912676738079E-14,-0.565594190365114));
#1461=DIRECTION('',(-0.565594190365114,-1.05558220519758E-14,0.824683704110389));
#1462=DIRECTION('',(0.824683704110389,0.,0.565594190365114));
#1463=DIRECTION('',(-0.565594190365114,-1.05558220519758E-14,0.824683704110389));
#1464=DIRECTION('',(0.824683704110389,1.53912587202646E-14,0.565594190365114));
#1465=DIRECTION('',(0.824683704110389,1.53912587202646E-14,0.565594190365114));
#1466=DIRECTION('',(-1.86632318794746E-14,1.,7.91516548289728E-21));
#1467=DIRECTION('',(1.,1.86632318794746E-14,1.47722568771726E-34));
#1468=DIRECTION('',(-1.86632318794746E-14,1.,7.91516548289728E-21));
#1469=DIRECTION('',(1.,1.86632318794746E-14,1.47722568771726E-34));
#1470=DIRECTION('',(3.57285466647663E-14,-7.91516481608713E-21,1.));
#1471=DIRECTION('',(1.,0.,-3.57285466647663E-14));
#1472=DIRECTION('',(3.57285466647663E-14,-7.91516481608713E-21,1.));
#1473=DIRECTION('',(1.,0.,-3.57285466647663E-14));
#1474=DIRECTION('',(3.57285466647663E-14,-7.91516481608713E-21,1.));
#1475=DIRECTION('',(1.,0.,-3.57285466647663E-14));
#1476=DIRECTION('',(3.57285466647663E-14,-7.91516481608713E-21,1.));
#1477=DIRECTION('',(1.,0.,-3.57285466647663E-14));
#1478=DIRECTION('',(3.57285466647663E-14,-7.91516481608713E-21,1.));
#1479=DIRECTION('',(1.,0.,-3.57285466647663E-14));
#1480=DIRECTION('',(3.57285466647663E-14,-7.91516481608713E-21,1.));
#1481=DIRECTION('',(1.,2.82797335490885E-34,-3.57285466647663E-14));
#1482=DIRECTION('',(3.57285466647663E-14,-7.91516481608713E-21,1.));
#1483=DIRECTION('',(1.,2.82797335490885E-34,-3.57285466647663E-14));
#1484=DIRECTION('',(3.57285466647663E-14,-7.91516481608713E-21,1.));
#1485=DIRECTION('',(1.,0.,-3.57285466647663E-14));
#1486=DIRECTION('',(3.57285466647663E-14,-7.91516481608713E-21,1.));
#1487=DIRECTION('',(1.,0.,-3.57285466647663E-14));
#1488=DIRECTION('',(3.57285466647663E-14,-7.91516481608713E-21,1.));
#1489=DIRECTION('',(1.,0.,-3.57285466647663E-14));
#1490=DIRECTION('',(3.57285466647663E-14,-7.91516481608713E-21,1.));
#1491=DIRECTION('',(1.,0.,-3.57285466647663E-14));
#1492=DIRECTION('',(3.57285466647663E-14,-7.91516481608713E-21,1.));
#1493=DIRECTION('',(1.,0.,-3.57285466647663E-14));
#1494=DIRECTION('',(3.57285466647663E-14,-7.91516481608713E-21,1.));
#1495=DIRECTION('',(1.,0.,-3.57285466647663E-14));
#1496=DIRECTION('',(3.57285466647663E-14,-7.91516481608713E-21,1.));
#1497=DIRECTION('',(1.,0.,-3.57285466647663E-14));
#1498=DIRECTION('',(3.57285466647663E-14,-7.91516481608713E-21,1.));
#1499=DIRECTION('',(1.,2.82797335490885E-34,-3.57285466647663E-14));
#1500=DIRECTION('',(-2.76941872601048E-34,-1.,-7.91516481608713E-21));
#1501=DIRECTION('',(0.,7.91516481608713E-21,-1.));
#1502=DIRECTION('',(3.57285466647663E-14,-7.91516481608713E-21,1.));
#1503=DIRECTION('',(1.,5.85546288983724E-36,-3.57285466647663E-14));
#1504=DIRECTION('',(3.57285466647663E-14,-7.91516481608713E-21,1.));
#1505=DIRECTION('',(-1.,0.,3.57285466647663E-14));
#1506=DIRECTION('',(3.57285466647663E-14,0.,1.));
#1507=DIRECTION('',(3.57285466647663E-14,-7.91516481608713E-21,1.));
#1508=DIRECTION('',(-2.82797335490885E-34,-1.,-7.91516481608713E-21));
#1509=DIRECTION('',(-2.76941872601048E-34,-1.,-7.91516481608713E-21));
#1510=DIRECTION('',(0.,7.91516481608713E-21,-1.));
#1511=DIRECTION('',(3.57285466647663E-14,-7.91516481608713E-21,1.));
#1512=DIRECTION('',(1.,5.85546288983724E-36,-3.57285466647663E-14));
#1513=DIRECTION('',(-1.,0.,3.57285466647663E-14));
#1514=DIRECTION('',(3.57285466647663E-14,0.,1.));
#1515=DIRECTION('',(-2.82797335490885E-34,-1.,-7.91516481608713E-21));
#1516=DIRECTION('',(3.57285466647663E-14,-7.91516481608713E-21,1.));
#1517=DIRECTION('',(1.,2.82797335490885E-34,-3.57285466647663E-14));
#1518=DIRECTION('',(3.57285466647663E-14,-7.91516481608713E-21,1.));
#1519=DIRECTION('',(1.,2.82797335490885E-34,-3.57285466647663E-14));
#1520=DIRECTION('',(3.57285466647663E-14,-7.91516481608713E-21,1.));
#1521=DIRECTION('',(1.,0.,-3.57285466647663E-14));
#1522=DIRECTION('',(3.57285466647663E-14,-7.91516481608713E-21,1.));
#1523=DIRECTION('',(1.,0.,-3.57285466647663E-14));
#1524=DIRECTION('',(3.57285466647663E-14,-7.91516481608713E-21,1.));
#1525=DIRECTION('',(1.,0.,-3.57285466647663E-14));
#1526=DIRECTION('',(3.57285466647663E-14,-7.91516481608713E-21,1.));
#1527=DIRECTION('',(1.,2.82797335490885E-34,-3.57285466647663E-14));
#1528=DIRECTION('',(-2.72469655912587E-16,-1.,-7.91516480635219E-21));
#1529=DIRECTION('',(-1.,2.72469655912587E-16,0.));
#1530=DIRECTION('',(-3.57285466647663E-14,7.91516481608713E-21,-1.));
#1531=DIRECTION('',(-3.57285466647663E-14,7.91516481608713E-21,-1.));
#1532=DIRECTION('',(1.,5.56825981269207E-50,-3.57285466647663E-14));
#1533=DIRECTION('',(-3.57285466647663E-14,0.,-1.));
#1534=DIRECTION('',(-3.57285466647663E-14,7.91516481608713E-21,-1.));
#1535=DIRECTION('',(-2.72469655912587E-16,-1.,-7.91516480635219E-21));
#1536=DIRECTION('',(-1.,2.72469655912587E-16,0.));
#1537=DIRECTION('',(-3.57285466647663E-14,7.91516481608713E-21,-1.));
#1538=DIRECTION('',(1.,-2.86731153054018E-16,-3.57285466647663E-14));
#1539=DIRECTION('',(-3.57285466647663E-14,0.,-1.));
#1540=CARTESIAN_POINT('',(0.,0.,0.));
#1541=CARTESIAN_POINT('',(0.00187413796782218,-0.0399999999999974,0.00224405956366012));
#1542=CARTESIAN_POINT('',(0.0562528179678231,-0.0569999999999964,0.00224405956365817));
#1543=CARTESIAN_POINT('',(0.0562528179678214,0.0353786800000037,0.00224405956365817));
#1544=CARTESIAN_POINT('',(0.056252817967823,-0.0533786799999964,0.00224405956365817));
#1545=CARTESIAN_POINT('',(0.00187413796782243,-0.0533786799999974,0.00224405956366012));
#1546=CARTESIAN_POINT('',(-0.052504542032177,-0.0533786799999984,0.00224405956366206));
#1547=CARTESIAN_POINT('',(-0.0525045420321787,0.0390000000000016,0.00224405956366206));
#1548=CARTESIAN_POINT('',(-0.0525045420321786,0.0353786800000016,0.00224405956366206));
#1549=CARTESIAN_POINT('',(0.0598741379678214,0.0353786800000037,0.00224405956365804));
#1550=CARTESIAN_POINT('',(0.000347399866878617,0.00455000000000041,0.00224405956366018));
#1551=CARTESIAN_POINT('',(0.00989739986687862,0.00455000000000041,0.00224405956365983));
#1552=CARTESIAN_POINT('',(-0.00920260013312138,0.00455000000000041,0.00224405956366052));
#1553=CARTESIAN_POINT('',(-0.00920260013312138,-0.00149999999999959,0.00224405956366052));
#1554=CARTESIAN_POINT('',(-0.00920260013312138,-0.0075499999999996,0.00224405956366052));
#1555=CARTESIAN_POINT('',(0.000347399866878616,-0.0075499999999996,0.00224405956366018));
#1556=CARTESIAN_POINT('',(0.00989739986687861,-0.0075499999999996,0.00224405956365983));
#1557=CARTESIAN_POINT('',(0.00989739986687862,-0.0014999999999996,0.00224405956365983));
#1558=CARTESIAN_POINT('',(0.00187413796782229,-0.0399999999999974,0.00524405956366012));
#1559=CARTESIAN_POINT('',(-0.0531258620321786,0.0375000000000016,0.00524405956366209));
#1560=CARTESIAN_POINT('',(-0.0531258620321768,-0.0569462867674783,0.00524405956366209));
#1561=CARTESIAN_POINT('',(-0.0531258620321785,0.0360000000000016,0.00524405956366208));
#1562=CARTESIAN_POINT('',(-0.0531258620321768,-0.0569462867674783,0.00524405956366208));
#1563=CARTESIAN_POINT('',(-0.0531227901302377,-0.0569462962958984,0.00524405956366208));
#1564=CARTESIAN_POINT('',(-0.0531197190380302,-0.0569463010561085,0.00524405956366208));
#1565=CARTESIAN_POINT('',(-0.0531166487541959,-0.0569463010561085,0.00524405956366208));
#1566=CARTESIAN_POINT('',(-0.0531166487541959,-0.0569463010561085,0.00524405956366209));
#1567=CARTESIAN_POINT('',(-0.0531258620321768,-0.0569463010561085,0.00524405956366209));
#1568=CARTESIAN_POINT('',(0.0568649246898423,-0.0569463010561064,0.00524405956365816));
#1569=CARTESIAN_POINT('',(0.0568741379678232,-0.0569462867674762,0.00524405956365815));
#1570=CARTESIAN_POINT('',(0.0568710660778396,-0.0569462962958592,0.00524405956365815));
#1571=CARTESIAN_POINT('',(0.0568679949856192,-0.0569463010561064,0.00524405956365816));
#1572=CARTESIAN_POINT('',(0.0568649246898423,-0.0569463010561065,0.00524405956365816));
#1573=CARTESIAN_POINT('',(0.0568741379678232,-0.0569462867674762,0.00524405956365814));
#1574=CARTESIAN_POINT('',(0.0568741379678224,-0.0119999999999971,0.00524405956365814));
#1575=CARTESIAN_POINT('',(0.0568741379678215,0.0360000000000036,0.00524405956365815));
#1576=CARTESIAN_POINT('',(0.00187413796782146,0.0360000000000026,0.00524405956366011));
#1577=CARTESIAN_POINT('',(-0.00920260013312127,-0.00149999999999959,0.00524405956366052));
#1578=CARTESIAN_POINT('',(-0.00920260013312127,0.00455000000000041,0.00524405956366051));
#1579=CARTESIAN_POINT('',(-0.00920260013312128,-0.0075499999999996,0.00524405956366052));
#1580=CARTESIAN_POINT('',(0.000347399866878724,0.00455000000000041,0.00524405956366017));
#1581=CARTESIAN_POINT('',(0.00989739986687872,0.00455000000000041,0.00524405956365983));
#1582=CARTESIAN_POINT('',(0.00989739986687872,-0.0014999999999996,0.00524405956365983));
#1583=CARTESIAN_POINT('',(0.00989739986687872,-0.0075499999999996,0.00524405956365983));
#1584=CARTESIAN_POINT('',(0.000347399866878723,-0.0075499999999996,0.00524405956366017));
#1585=CARTESIAN_POINT('',(-0.0274483338291526,-0.0533759999999979,0.0737219676082247));
#1586=CARTESIAN_POINT('',(-0.0283405393537108,-0.0533759999999979,0.0732440595636612));
#1587=CARTESIAN_POINT('',(-0.0283405393537111,-0.0346419268981112,0.0732440595636612));
#1588=CARTESIAN_POINT('',(-0.0283405393537109,-0.0446387120424592,0.0732440595636612));
#1589=CARTESIAN_POINT('',(-0.0284230262041082,-0.025330476462841,0.0731998756527906));
#1590=CARTESIAN_POINT('',(-0.0284230262041089,-0.0346422922518792,0.0731998756527901));
#1591=CARTESIAN_POINT('',(-0.0284230262041086,-0.0533759999999979,0.0731998756527901));
#1592=CARTESIAN_POINT('',(-0.0284230262041086,-0.0533759999999979,0.0731998756527901));
#1593=CARTESIAN_POINT('',(-0.0274483338291526,-0.0533759999999979,0.0737219676082247));
#1594=CARTESIAN_POINT('',(-0.0264736414541968,-0.0533773399999982,0.0742440595636602));
#1595=CARTESIAN_POINT('',(-0.0264736414541968,-0.0533759999999979,0.0742440595636592));
#1596=CARTESIAN_POINT('',(-0.0264736414541934,-0.0445402308697907,0.0742440595636611));
#1597=CARTESIAN_POINT('',(-0.0284230262041082,-0.025330476462841,0.0731998756527906));
#1598=CARTESIAN_POINT('',(-0.0293977185790644,-0.053375999999998,0.0737219676082247));
#1599=CARTESIAN_POINT('',(-0.0285055130545064,-0.053375999999998,0.0732440595636612));
#1600=CARTESIAN_POINT('',(-0.0285055130545071,-0.016019026027571,0.0732440595636612));
#1601=CARTESIAN_POINT('',(-0.0285055130545072,-0.00602224088322286,0.0732440595636612));
#1602=CARTESIAN_POINT('',(-0.0284230262041082,-0.025330476462841,0.0731998756527896));
#1603=CARTESIAN_POINT('',(-0.0284230262041093,-0.0160186606738029,0.0731998756527901));
#1604=CARTESIAN_POINT('',(-0.0284230262041086,-0.0533759999999979,0.0731998756527901));
#1605=CARTESIAN_POINT('',(-0.0284230262041102,0.035380000000002,0.0731998756527901));
#1606=CARTESIAN_POINT('',(-0.0293977185790661,0.035380000000002,0.0737219676082247));
#1607=CARTESIAN_POINT('',(-0.0303724109540221,0.035379340000002,0.0742440595636603));
#1608=CARTESIAN_POINT('',(-0.0303724109540204,-0.053375999999998,0.0742440595636593));
#1609=CARTESIAN_POINT('',(-0.030372410954025,-0.0061207220558916,0.0742440595636613));
#1610=CARTESIAN_POINT('',(-0.0284230262041082,-0.025330476462841,0.0731998756527896));
#1611=CARTESIAN_POINT('',(0.00187413796782476,-0.0399999999999974,0.0742440595636601));
#1612=CARTESIAN_POINT('',(-0.0284230262041082,-0.025330476462841,0.0742440595636612));
#1613=CARTESIAN_POINT('',(-0.0264736414541941,-0.00612072205589131,0.0742440595636611));
#1614=CARTESIAN_POINT('',(0.0598741379678256,-0.0533786799999963,0.0742440595636581));
#1615=CARTESIAN_POINT('',(0.0285461489111197,-0.0533773399999976,0.0742440595636586));
#1616=CARTESIAN_POINT('',(0.0285461489111197,-0.0533759999999969,0.074244059563658));
#1617=CARTESIAN_POINT('',(0.0285461489111179,-0.0483792027884815,0.0742440595636592));
#1618=CARTESIAN_POINT('',(0.0297571979463111,-0.0272617693990469,0.0742440595636591));
#1619=CARTESIAN_POINT('',(0.0285461489111171,-0.00614433600961237,0.0742440595636592));
#1620=CARTESIAN_POINT('',(0.0285461489111197,-0.0533759999999969,0.074244059563658));
#1621=CARTESIAN_POINT('',(0.0285461489111181,0.0353793400000032,0.0742440595636586));
#1622=CARTESIAN_POINT('',(0.00187413796782335,0.0353786800000027,0.0742440595636601));
#1623=CARTESIAN_POINT('',(-0.0264736414541984,0.0353793400000021,0.0742440595636602));
#1624=CARTESIAN_POINT('',(-0.0264736414541968,-0.0533759999999979,0.0742440595636592));
#1625=CARTESIAN_POINT('',(-0.00629548114891702,-0.0469665289793477,0.0742440595636604));
#1626=CARTESIAN_POINT('',(-0.00629548114891702,-0.0445467078598255,0.0742440595636604));
#1627=CARTESIAN_POINT('',(-0.00629548114891702,-0.04938635009887,0.0742440595636604));
#1628=CARTESIAN_POINT('',(-0.000345948666710489,-0.0445467078598255,0.0742440595636602));
#1629=CARTESIAN_POINT('',(0.00560358381549604,-0.0445467078598255,0.07424405956366));
#1630=CARTESIAN_POINT('',(0.00560358381549604,-0.0469665289793477,0.07424405956366));
#1631=CARTESIAN_POINT('',(0.00560358381549604,-0.04938635009887,0.07424405956366));
#1632=CARTESIAN_POINT('',(-0.000345948666710489,-0.04938635009887,0.0742440595636602));
#1633=CARTESIAN_POINT('',(0.00187413796782476,-0.0399999999999974,0.0742440595636601));
#1634=CARTESIAN_POINT('',(-0.0284230262041082,-0.025330476462841,0.0742440595636612));
#1635=CARTESIAN_POINT('',(-0.01911121041507,-0.025330476462841,0.0742440595636609));
#1636=CARTESIAN_POINT('',(0.0291516734287155,-0.0533759999999969,0.0738287716810809));
#1637=CARTESIAN_POINT('',(0.0297571979463111,-0.0272617693990469,0.0734134837985037));
#1638=CARTESIAN_POINT('',(0.0297571979463112,-0.0484139000889526,0.0734134837985039));
#1639=CARTESIAN_POINT('',(0.0291516734287155,-0.0533759999999969,0.0738287716810809));
#1640=CARTESIAN_POINT('',(0.0297571979463113,-0.0533759999999969,0.0734134837985039));
#1641=CARTESIAN_POINT('',(0.0297571979463113,-0.0533759999999969,0.0734134837985039));
#1642=CARTESIAN_POINT('',(0.030362722463907,-0.0533759999999968,0.0738287716810809));
#1643=CARTESIAN_POINT('',(0.0297571979463111,-0.0272617693990469,0.0734134837985041));
#1644=CARTESIAN_POINT('',(0.0309682469815035,-0.00614433600961228,0.0742440595636591));
#1645=CARTESIAN_POINT('',(0.0297571979463104,-0.00610963870914125,0.0734134837985039));
#1646=CARTESIAN_POINT('',(0.0309682469815028,-0.0533759999999968,0.074244059563658));
#1647=CARTESIAN_POINT('',(0.0309682469815011,0.0353793400000032,0.0742440595636585));
#1648=CARTESIAN_POINT('',(0.0303627224639054,0.0353800000000032,0.0738287716810809));
#1649=CARTESIAN_POINT('',(0.0297571979463097,0.0353800000000032,0.0734134837985039));
#1650=CARTESIAN_POINT('',(0.0297571979463113,-0.0533759999999969,0.0734134837985039));
#1651=CARTESIAN_POINT('',(0.00187413796782476,-0.0399999999999974,0.0742440595636601));
#1652=CARTESIAN_POINT('',(-0.0284230262041082,-0.025330476462841,0.0742440595636612));
#1653=CARTESIAN_POINT('',(-0.0303724109540244,-0.0445402308697905,0.0742440595636613));
#1654=CARTESIAN_POINT('',(0.00187413796782335,0.0353786800000027,0.0742440595636601));
#1655=CARTESIAN_POINT('',(-0.0525045420321761,0.0353786800000016,0.0742440595636621));
#1656=CARTESIAN_POINT('',(-0.0525045420321747,-0.0399999999999983,0.0742440595636621));
#1657=CARTESIAN_POINT('',(-0.0525045420321744,-0.0533786799999984,0.0742440595636621));
#1658=CARTESIAN_POINT('',(0.0598741379678256,-0.0533786799999963,0.0742440595636581));
#1659=CARTESIAN_POINT('',(-0.0303724109540204,-0.0533773399999982,0.0742440595636603));
#1660=CARTESIAN_POINT('',(-0.0303724109540204,-0.053375999999998,0.0742440595636593));
#1661=CARTESIAN_POINT('',(0.0598741379678248,-0.011999999999997,0.0742440595636581));
#1662=CARTESIAN_POINT('',(0.0598741379678247,-0.011999999999997,0.0706227395636581));
#1663=CARTESIAN_POINT('',(0.0598741379678238,0.0353786800000037,0.0706227395636581));
#1664=CARTESIAN_POINT('',(0.0598741379678255,-0.0539999999999963,0.0706227395636581));
#1665=CARTESIAN_POINT('',(0.0598741379678232,-0.0539999999999963,0.00586537956365804));
#1666=CARTESIAN_POINT('',(0.0598741379678232,-0.0539999999999963,0.00586537956365805));
#1667=CARTESIAN_POINT('',(0.0598741379678214,0.0390000000000037,0.00586537956365805));
#1668=CARTESIAN_POINT('',(0.0598741379678215,0.0353786800000037,0.00586537956365805));
#1669=CARTESIAN_POINT('',(0.059874137967824,0.0353786800000037,0.0742440595636581));
#1670=CARTESIAN_POINT('',(0.00187413796782387,0.0390000000000027,0.0742440595636601));
#1671=CARTESIAN_POINT('',(0.0562528179678239,0.0390000000000036,0.0742440595636582));
#1672=CARTESIAN_POINT('',(0.0562528179678238,0.0390000000000036,0.0706227395636582));
#1673=CARTESIAN_POINT('',(0.0562528179678214,0.0390000000000036,0.00586537956365818));
#1674=CARTESIAN_POINT('',(-0.0561258620321786,0.0390000000000015,0.00586537956366219));
#1675=CARTESIAN_POINT('',(-0.0525045420321786,0.0390000000000016,0.00586537956366206));
#1676=CARTESIAN_POINT('',(-0.0525045420321761,0.0390000000000016,0.0742440595636621));
#1677=CARTESIAN_POINT('',(-0.0525045420321763,0.0390000000000016,0.0706227395636621));
#1678=CARTESIAN_POINT('',(0.00187413796782374,0.0390000000000027,0.0706227395636601));
#1679=CARTESIAN_POINT('',(-0.0561258620321761,0.0375000000000015,0.0742440595636622));
#1680=CARTESIAN_POINT('',(-0.0561258620321768,-0.0569999999999985,0.00586537956366219));
#1681=CARTESIAN_POINT('',(-0.0561258620321785,0.0353786800000015,0.00586537956366219));
#1682=CARTESIAN_POINT('',(-0.0561258620321769,-0.0539999999999985,0.00586537956366219));
#1683=CARTESIAN_POINT('',(-0.0561258620321745,-0.0539999999999985,0.0706227395636622));
#1684=CARTESIAN_POINT('',(-0.0561258620321745,-0.0539999999999985,0.0706227395636622));
#1685=CARTESIAN_POINT('',(-0.0561258620321762,0.0375000000000015,0.0706227395636622));
#1686=CARTESIAN_POINT('',(-0.0561258620321762,0.0353786800000015,0.0706227395636622));
#1687=CARTESIAN_POINT('',(-0.0561258620321761,0.0353786800000015,0.0742440595636622));
#1688=CARTESIAN_POINT('',(0.00187413796782476,-0.0399999999999974,0.0742440595636601));
#1689=CARTESIAN_POINT('',(0.0297571979463111,-0.0272617693990469,0.0742440595636591));
#1690=CARTESIAN_POINT('',(0.0309682469815043,-0.0483792027884815,0.0742440595636591));
#1691=CARTESIAN_POINT('',(0.0309682469815028,-0.0533759999999968,0.074244059563658));
#1692=CARTESIAN_POINT('',(0.0309682469815028,-0.0533773399999976,0.0742440595636585));
#1693=CARTESIAN_POINT('',(0.0598741379678256,-0.0533786799999963,0.0742440595636581));
#1694=CARTESIAN_POINT('',(0.0562528179678256,-0.0533786799999964,0.0742440595636582));
#1695=CARTESIAN_POINT('',(0.0562528179678253,-0.0399999999999964,0.0742440595636582));
#1696=CARTESIAN_POINT('',(0.056252817967824,0.0353786800000037,0.0742440595636582));
#1697=CARTESIAN_POINT('',(0.00187413796782335,0.0353786800000027,0.0742440595636601));
#1698=CARTESIAN_POINT('',(0.0568741379678248,-0.0119999999999971,0.0742440595636582));
#1699=CARTESIAN_POINT('',(0.0568741379678257,-0.0569999999999964,0.0742440595636582));
#1700=CARTESIAN_POINT('',(0.0568741379678255,-0.0569999999999964,0.0706227395636582));
#1701=CARTESIAN_POINT('',(0.0568741379678232,-0.0569999999999964,0.00586537956366012));
#1702=CARTESIAN_POINT('',(0.0568741379678255,-0.0569999999999964,0.0706227395636582));
#1703=CARTESIAN_POINT('',(0.0568741379678255,-0.0569999999999964,0.0708328893459123));
#1704=CARTESIAN_POINT('',(0.0568741379678255,-0.0569818517402704,0.0710399545669066));
#1705=CARTESIAN_POINT('',(0.0568741379678255,-0.0569462867674762,0.0712440595636582));
#1706=CARTESIAN_POINT('',(0.0568741379678256,-0.0569462867674762,0.0712440595636582));
#1707=CARTESIAN_POINT('',(0.0568741379678247,-0.0119999999999971,0.0712440595636582));
#1708=CARTESIAN_POINT('',(0.0568741379678238,0.0360000000000036,0.0712440595636582));
#1709=CARTESIAN_POINT('',(0.0568741379678239,0.0360000000000036,0.0742440595636582));
#1710=CARTESIAN_POINT('',(0.0568741379678232,-0.0569999999999964,0.00586537956365816));
#1711=CARTESIAN_POINT('',(0.0568741379678232,-0.0569999999999964,0.00565523000072035));
#1712=CARTESIAN_POINT('',(0.0568741379678232,-0.0569818517768811,0.00544816477051571));
#1713=CARTESIAN_POINT('',(0.0568741379678232,-0.0569462867674762,0.00524405956365814));
#1714=CARTESIAN_POINT('',(0.00187413796782392,0.0360000000000026,0.0742440595636601));
#1715=CARTESIAN_POINT('',(0.00187413796782382,0.0360000000000026,0.0712440595636601));
#1716=CARTESIAN_POINT('',(-0.0531258620321762,0.0360000000000016,0.0712440595636621));
#1717=CARTESIAN_POINT('',(-0.0531258620321761,0.0360000000000016,0.0742440595636621));
#1718=CARTESIAN_POINT('',(-0.0531258620321761,0.0375000000000016,0.0742440595636621));
#1719=CARTESIAN_POINT('',(-0.0531258620321762,0.0375000000000016,0.0712440595636621));
#1720=CARTESIAN_POINT('',(-0.0531258620321745,-0.0569462867674783,0.0712440595636621));
#1721=CARTESIAN_POINT('',(-0.0531258620321745,-0.0569999999999984,0.0706227395636621));
#1722=CARTESIAN_POINT('',(-0.0531258620321745,-0.0569999999999984,0.0708328891265999));
#1723=CARTESIAN_POINT('',(-0.0531258620321745,-0.0569818517768831,0.0710399543568045));
#1724=CARTESIAN_POINT('',(-0.0531258620321745,-0.0569462867674782,0.0712440595636621));
#1725=CARTESIAN_POINT('',(-0.0531258620321745,-0.0569999999999984,0.0706227395636601));
#1726=CARTESIAN_POINT('',(-0.0531258620321744,-0.0569999999999984,0.0742440595636621));
#1727=CARTESIAN_POINT('',(-0.0531258620321768,-0.0569999999999984,0.00586537956366209));
#1728=CARTESIAN_POINT('',(-0.0531258620321768,-0.0569999999999984,0.00586537956366209));
#1729=CARTESIAN_POINT('',(-0.0531258620321768,-0.0569999999999984,0.00565523000072364));
#1730=CARTESIAN_POINT('',(-0.0531258620321768,-0.0569818517768832,0.00544816477052029));
#1731=CARTESIAN_POINT('',(-0.0531258620321768,-0.0569462867674782,0.0052440595636621));
#1732=CARTESIAN_POINT('',(0.00187413796782465,-0.0399999999999974,0.0712440595636601));
#1733=CARTESIAN_POINT('',(0.0568741379678256,-0.0569463010561064,0.0712440595636582));
#1734=CARTESIAN_POINT('',(0.0568649246898447,-0.0569463010561064,0.0712440595636582));
#1735=CARTESIAN_POINT('',(-0.0531166487541936,-0.0569463010561085,0.0712440595636621));
#1736=CARTESIAN_POINT('',(-0.0531258620321745,-0.0569462867674783,0.0712440595636621));
#1737=CARTESIAN_POINT('',(-0.0531227901302353,-0.0569462962958984,0.0712440595636621));
#1738=CARTESIAN_POINT('',(-0.0531197190380279,-0.0569463010561084,0.0712440595636621));
#1739=CARTESIAN_POINT('',(-0.0531166487541936,-0.0569463010561084,0.0712440595636621));
#1740=CARTESIAN_POINT('',(0.0568741379678255,-0.0569462867674762,0.0712440595636582));
#1741=CARTESIAN_POINT('',(0.0568710660730746,-0.056946296295874,0.0712440595636582));
#1742=CARTESIAN_POINT('',(0.0568679949808593,-0.0569463010561065,0.0712440595636581));
#1743=CARTESIAN_POINT('',(0.0568649246898447,-0.0569463010561065,0.0712440595636581));
#1744=CARTESIAN_POINT('',(0.0562528179678247,-0.0119999999999971,0.0706227395636582));
#1745=CARTESIAN_POINT('',(0.0562528179678255,-0.0533786799999964,0.0706227395636582));
#1746=CARTESIAN_POINT('',(0.0562528179678238,0.0353786800000037,0.0706227395636582));
#1747=CARTESIAN_POINT('',(0.0562528179678229,-0.0399999999999964,0.00586537956365818));
#1748=CARTESIAN_POINT('',(0.0562528179678232,-0.0533786799999964,0.00586537956365818));
#1749=CARTESIAN_POINT('',(0.0562528179678215,0.0353786800000037,0.00586537956365818));
#1750=CARTESIAN_POINT('',(0.056252817967824,0.0353786800000037,0.0742440595636582));
#1751=CARTESIAN_POINT('',(0.0562528179678238,0.0353786800000037,0.0706227395636582));
#1752=CARTESIAN_POINT('',(0.0562528179678215,0.0353786800000037,0.00586537956365818));
#1753=CARTESIAN_POINT('',(0.0562528179678238,0.0353786800000037,0.0706227395636582));
#1754=CARTESIAN_POINT('',(0.0562528179678238,0.0353786800000037,0.0706227395636582));
#1755=CARTESIAN_POINT('',(0.00187413796782488,-0.0533786799999974,0.0706227395636601));
#1756=CARTESIAN_POINT('',(-0.0525045420321746,-0.0533786799999984,0.0706227395636621));
#1757=CARTESIAN_POINT('',(0.0562528179678255,-0.0533786799999964,0.0706227395636582));
#1758=CARTESIAN_POINT('',(0.0297571979463113,-0.0533759999999969,0.074244059563658));
#1759=CARTESIAN_POINT('',(-0.0293977185790645,-0.053375999999998,0.0742440595636592));
#1760=CARTESIAN_POINT('',(0.00187413796782313,-0.0533786799999974,0.00586537956366012));
#1761=CARTESIAN_POINT('',(-0.0525045420321769,-0.0533786799999984,0.00586537956366206));
#1762=CARTESIAN_POINT('',(0.0562528179678232,-0.0533786799999964,0.00586537956365818));
#1763=CARTESIAN_POINT('',(0.0562528179678215,0.0353786800000037,0.00586537956365818));
#1764=CARTESIAN_POINT('',(0.0562528179678215,0.0353786800000037,0.00586537956365818));
#1765=CARTESIAN_POINT('',(0.00187413796782381,0.0353786800000027,0.0706227395636601));
#1766=CARTESIAN_POINT('',(-0.0525045420321762,0.0353786800000016,0.0706227395636621));
#1767=CARTESIAN_POINT('',(-0.0293977185790661,0.035380000000002,0.0742440595636592));
#1768=CARTESIAN_POINT('',(0.0297571979463097,0.0353800000000032,0.074244059563658));
#1769=CARTESIAN_POINT('',(-0.0525045420321762,0.0375000000000016,0.0706227395636621));
#1770=CARTESIAN_POINT('',(-0.0525045420321746,-0.0533786799999984,0.0706227395636621));
#1771=CARTESIAN_POINT('',(-0.0525045420321762,0.0353786800000016,0.0706227395636621));
#1772=CARTESIAN_POINT('',(-0.0525045420321771,-0.0399999999999983,0.00586537956366206));
#1773=CARTESIAN_POINT('',(-0.0525045420321769,-0.0533786799999984,0.00586537956366206));
#1774=CARTESIAN_POINT('',(-0.0525045420321785,0.0353786800000016,0.00586537956366206));
#1775=CARTESIAN_POINT('',(0.00187413796782091,0.0353786800000027,0.00586537956366012));
#1776=CARTESIAN_POINT('',(-0.0525045420321785,0.0353786800000016,0.00586537956366206));
#1777=CARTESIAN_POINT('',(-0.0525045420321762,0.0353786800000016,0.0706227395636621));
#1778=CARTESIAN_POINT('',(-0.0525045420321762,0.0353786800000016,0.0706227395636621));
#1779=CARTESIAN_POINT('',(-0.0525045420321785,0.0353786800000016,0.00586537956366206));
#1780=CARTESIAN_POINT('',(-0.0525045420321785,0.0353786800000016,0.00586537956366206));
#1781=CARTESIAN_POINT('',(-0.0525045420321761,0.0353786800000016,0.0742440595636621));
#1782=CARTESIAN_POINT('',(-0.052504542032177,-0.0533786799999983,0.00224405956366206));
#1783=CARTESIAN_POINT('',(-0.0525045420321771,-0.0533786799999984,0.00224405956366206));
#1784=CARTESIAN_POINT('',(-0.0525045420321771,-0.0533786799999984,0.00224405956366206));
#1785=CARTESIAN_POINT('',(-0.0525720250102656,-0.0537719998003814,0.00224405956366206));
#1786=CARTESIAN_POINT('',(-0.052734943350641,-0.0536090813186893,0.00224405947453125));
#1787=CARTESIAN_POINT('',(-0.0528978618322986,-0.0534461629781317,0.00224405956366209));
#1788=CARTESIAN_POINT('',(-0.0527197839207104,-0.0546332022372979,0.00237336198105199));
#1789=CARTESIAN_POINT('',(-0.0532507452029904,-0.0541248831707018,0.00226408083775023));
#1790=CARTESIAN_POINT('',(-0.0537590642696008,-0.0535939218885107,0.00237336198105201));
#1791=CARTESIAN_POINT('',(-0.0529028508303964,-0.0557001948636029,0.00300618353313484));
#1792=CARTESIAN_POINT('',(-0.0540798173929253,-0.0549539553607618,0.00242374076867096));
#1793=CARTESIAN_POINT('',(-0.054826056895766,-0.0537769887982206,0.00300618353313494));
#1794=CARTESIAN_POINT('',(-0.0530172718073936,-0.056367089504365,0.00377318915804362));
#1795=CARTESIAN_POINT('',(-0.0548750410651346,-0.055749179032953,0.00288056536087658));
#1796=CARTESIAN_POINT('',(-0.0554929515365464,-0.0538914097752147,0.00377318915804372));
#1797=CARTESIAN_POINT('',(-0.0530806933358769,-0.0567367374021783,0.00444105375375659));
#1798=CARTESIAN_POINT('',(-0.0555051000337265,-0.0563792380015489,0.00354081298927632));
#1799=CARTESIAN_POINT('',(-0.055862599434356,-0.0539548313036986,0.00444105375375669));
#1800=CARTESIAN_POINT('',(-0.0531181821036199,-0.0569552381597615,0.0051569553017237));
#1801=CARTESIAN_POINT('',(-0.0560053576617872,-0.0568794956296088,0.00458601490708517));
#1802=CARTESIAN_POINT('',(-0.0560811001919402,-0.0539923200714417,0.00515695530172386));
#1803=CARTESIAN_POINT('',(-0.0531258620633031,-0.0569999999999984,0.00563383946294302));
#1804=CARTESIAN_POINT('',(-0.0561258625096155,-0.0570000004774367,0.00544202443102142));
#1805=CARTESIAN_POINT('',(-0.0561258620321769,-0.0540000000311244,0.00563383946294304));
#1806=CARTESIAN_POINT('',(-0.0531258620321768,-0.0569999999999984,0.00586537956366225));
#1807=CARTESIAN_POINT('',(-0.0561258620321768,-0.0569999999999985,0.0058653795636625));
#1808=CARTESIAN_POINT('',(-0.0561258620321768,-0.0539999999999985,0.00586537956366237));
#1809=CARTESIAN_POINT('',(-0.0531258620321769,-0.0539999999999984,0.00586537956366209));
#1810=CARTESIAN_POINT('',(-0.0531258620321744,-0.0539999999999984,0.0742440595636621));
#1811=CARTESIAN_POINT('',(-0.0531258620321745,-0.0539999999999984,0.0706227395636621));
#1812=CARTESIAN_POINT('',(-0.0531258620321744,-0.0569999999999984,0.0706227395636618));
#1813=CARTESIAN_POINT('',(-0.0561258620321744,-0.0569999999999985,0.0706227395636615));
#1814=CARTESIAN_POINT('',(-0.0561258620321745,-0.0539999999999985,0.0706227395636617));
#1815=CARTESIAN_POINT('',(-0.0531258620633003,-0.0569999999999984,0.0708542796643697));
#1816=CARTESIAN_POINT('',(-0.056125862509615,-0.0570000004774372,0.0710460946962821));
#1817=CARTESIAN_POINT('',(-0.0561258620321745,-0.0540000000311229,0.0708542796643693));
#1818=CARTESIAN_POINT('',(-0.0531181821036182,-0.0569552381597587,0.0713311638256054));
#1819=CARTESIAN_POINT('',(-0.0560053576617865,-0.0568794956296065,0.0719021042202862));
#1820=CARTESIAN_POINT('',(-0.0560811001919407,-0.0539923200714419,0.0713311638256055));
#1821=CARTESIAN_POINT('',(-0.0530806933358728,-0.0567367374021881,0.0720470653735662));
#1822=CARTESIAN_POINT('',(-0.0555051000337167,-0.0563792380015566,0.0729473061379184));
#1823=CARTESIAN_POINT('',(-0.055862599434344,-0.0539548313037002,0.072047065373566));
#1824=CARTESIAN_POINT('',(-0.0530172718073973,-0.0563670895043285,0.072714929969281));
#1825=CARTESIAN_POINT('',(-0.0548750410651585,-0.0557491790329268,0.0736075537668869));
#1826=CARTESIAN_POINT('',(-0.0554929515365802,-0.0538914097752084,0.0727149299692809));
#1827=CARTESIAN_POINT('',(-0.052902850830361,-0.0557001948637957,0.0734819355941893));
#1828=CARTESIAN_POINT('',(-0.0540798173927957,-0.0549539553608876,0.0740643783565417));
#1829=CARTESIAN_POINT('',(-0.0548260568955717,-0.0537769887982541,0.0734819355941891));
#1830=CARTESIAN_POINT('',(-0.052719783920973,-0.0546332022357408,0.0741147571462725));
#1831=CARTESIAN_POINT('',(-0.053250745203925,-0.0541248831697723,0.0742240383051341));
#1832=CARTESIAN_POINT('',(-0.0537590642711441,-0.0535939218882403,0.0741147571462721));
#1833=CARTESIAN_POINT('',(-0.052572025009706,-0.0537719998036507,0.0742440595636621));
#1834=CARTESIAN_POINT('',(-0.0527349433487059,-0.0536090813206054,0.0742440596206987));
#1835=CARTESIAN_POINT('',(-0.05289786182905,-0.0534461629786992,0.0742440595636621));
#1836=CARTESIAN_POINT('',(-0.0525045420321744,-0.0533786799999983,0.0742440595636621));
#1837=CARTESIAN_POINT('',(-0.0525045420321744,-0.0533786799999984,0.0742440595636621));
#1838=CARTESIAN_POINT('',(-0.0525045420321744,-0.0533786799999984,0.0742440595636621));
#1839=CARTESIAN_POINT('',(0.0562528179678229,-0.0533786799999964,0.00224405956365818));
#1840=CARTESIAN_POINT('',(0.0562528179678229,-0.0533786799999964,0.00224405956365818));
#1841=CARTESIAN_POINT('',(0.056252817967823,-0.0533786799999965,0.00224405956365818));
#1842=CARTESIAN_POINT('',(0.0566461377682416,-0.0534461629780807,0.00224405956365815));
#1843=CARTESIAN_POINT('',(0.0564832192865321,-0.0536090813184526,0.00224405947238903));
#1844=CARTESIAN_POINT('',(0.0563203009459626,-0.0537719998000931,0.00224405956365819));
#1845=CARTESIAN_POINT('',(0.0575073402051054,-0.0535939218885319,0.00237336198104803));
#1846=CARTESIAN_POINT('',(0.0569990211385175,-0.0541248831708135,0.00226408083878299));
#1847=CARTESIAN_POINT('',(0.0564680598563322,-0.0546332022374321,0.00237336198104807));
#1848=CARTESIAN_POINT('',(0.0585743328314295,-0.0537769887982156,0.00300618353313077));
#1849=CARTESIAN_POINT('',(0.0578280933285875,-0.0549539553607441,0.00242374076852631));
#1850=CARTESIAN_POINT('',(0.0566511267660456,-0.0557001948635838,0.00300618353313087));
#1851=CARTESIAN_POINT('',(0.0592412274721891,-0.0538914097752131,0.00377318915803948));
#1852=CARTESIAN_POINT('',(0.0586233170007772,-0.055749179032954,0.0028805653609016));
#1853=CARTESIAN_POINT('',(0.0567655477430392,-0.056367089504366,0.00377318915803957));
#1854=CARTESIAN_POINT('',(0.0596108753700031,-0.0539548313036963,0.00444105375375252));
#1855=CARTESIAN_POINT('',(0.0592533759693737,-0.0563792380015457,0.0035408129892638));
#1856=CARTESIAN_POINT('',(0.0568289692715234,-0.0567367374021754,0.00444105375375264));
#1857=CARTESIAN_POINT('',(0.0598293761275861,-0.0539923200714396,0.00515695530171952));
#1858=CARTESIAN_POINT('',(0.0597536335974332,-0.056879495629607,0.00458601490708318));
#1859=CARTESIAN_POINT('',(0.0568664580392662,-0.0569552381597597,0.00515695530171958));
#1860=CARTESIAN_POINT('',(0.0598741379678232,-0.0540000000311222,0.00563383946293904));
#1861=CARTESIAN_POINT('',(0.0598741384452618,-0.0570000004774342,0.00544202443101762));
#1862=CARTESIAN_POINT('',(0.0568741379989495,-0.0569999999999964,0.0056338394629393));
#1863=CARTESIAN_POINT('',(0.0598741379678232,-0.0539999999999963,0.0058653795636581));
#1864=CARTESIAN_POINT('',(0.0598741379678232,-0.0569999999999963,0.00586537956365816));
#1865=CARTESIAN_POINT('',(0.0568741379678232,-0.0569999999999964,0.00586537956365823));
#1866=CARTESIAN_POINT('',(0.0568741379678232,-0.0539999999999964,0.00586537956365815));
#1867=CARTESIAN_POINT('',(0.0568741379678256,-0.0539999999999964,0.0742440595636582));
#1868=CARTESIAN_POINT('',(0.0568741379678255,-0.0539999999999964,0.0706227395636582));
#1869=CARTESIAN_POINT('',(0.0598741379678255,-0.0539999999999963,0.0706227395636579));
#1870=CARTESIAN_POINT('',(0.0598741379678255,-0.0569999999999963,0.070622739563658));
#1871=CARTESIAN_POINT('',(0.0568741379678255,-0.0569999999999964,0.0706227395636582));
#1872=CARTESIAN_POINT('',(0.0598741379678255,-0.0540000000311229,0.0708542796643857));
#1873=CARTESIAN_POINT('',(0.0598741384452633,-0.0570000004774339,0.0710460946963138));
#1874=CARTESIAN_POINT('',(0.0568741379989514,-0.0569999999999964,0.0708542796643849));
#1875=CARTESIAN_POINT('',(0.0598293761275908,-0.0539923200714388,0.0713311638255927));
#1876=CARTESIAN_POINT('',(0.059753633597438,-0.056879495629605,0.0719021042202673));
#1877=CARTESIAN_POINT('',(0.0568664580392692,-0.0569552381597573,0.0713311638255935));
#1878=CARTESIAN_POINT('',(0.0596108753699974,-0.0539548313036978,0.0720470653735647));
#1879=CARTESIAN_POINT('',(0.0592533759693693,-0.056379238001552,0.0729473061379186));
#1880=CARTESIAN_POINT('',(0.0568289692715244,-0.0567367374021834,0.0720470653735648));
#1881=CARTESIAN_POINT('',(0.0592412274722219,-0.0538914097752079,0.0727149299692763));
#1882=CARTESIAN_POINT('',(0.0586233170008028,-0.0557491790329317,0.0736075537668821));
#1883=CARTESIAN_POINT('',(0.0567655477430469,-0.0563670895043359,0.0727149299692766));
#1884=CARTESIAN_POINT('',(0.0585743328312719,-0.0537769887982429,0.0734819355941855));
#1885=CARTESIAN_POINT('',(0.0578280933284798,-0.0549539553608513,0.074064378356538));
#1886=CARTESIAN_POINT('',(0.0566511267660206,-0.0557001948637432,0.0734819355941858));
#1887=CARTESIAN_POINT('',(0.0575073402063988,-0.0535939218883111,0.074114757146268));
#1888=CARTESIAN_POINT('',(0.0569990211393321,-0.0541248831700217,0.074224038305132));
#1889=CARTESIAN_POINT('',(0.0564680598565564,-0.0546332022361454,0.0741147571462683));
#1890=CARTESIAN_POINT('',(0.056646137765534,-0.0534461629785442,0.0742440595636582));
#1891=CARTESIAN_POINT('',(0.0564832192848607,-0.053609081320085,0.0742440596206905));
#1892=CARTESIAN_POINT('',(0.0563203009455,-0.0537719998027949,0.0742440595636582));
#1893=CARTESIAN_POINT('',(0.0562528179678257,-0.0533786799999964,0.0742440595636582));
#1894=CARTESIAN_POINT('',(0.0562528179678256,-0.0533786799999964,0.0742440595636582));
#1895=CARTESIAN_POINT('',(0.0562528179678256,-0.0533786799999965,0.0742440595636582));
#1896=CARTESIAN_POINT('',(-0.0274483338291526,-0.0533759999999979,0.0737219676082247));
#1897=CARTESIAN_POINT('',(-0.0284230262041082,-0.025330476462841,0.0731998756527906));
#1898=CARTESIAN_POINT('',(-0.0283405393537115,-0.016019026027571,0.0732440595636612));
#1899=CARTESIAN_POINT('',(-0.0283405393537108,-0.0533759999999979,0.0732440595636612));
#1900=CARTESIAN_POINT('',(-0.0283405393537116,-0.00602224088322285,0.0732440595636612));
#1901=CARTESIAN_POINT('',(-0.0284230262041082,-0.025330476462841,0.0731998756527906));
#1902=CARTESIAN_POINT('',(-0.0274483338291543,0.0353800000000021,0.0737219676082247));
#1903=CARTESIAN_POINT('',(-0.0293977185790644,-0.053375999999998,0.0737219676082247));
#1904=CARTESIAN_POINT('',(-0.0284230262041082,-0.025330476462841,0.0731998756527896));
#1905=CARTESIAN_POINT('',(-0.0285055130545067,-0.0346419268981111,0.0732440595636612));
#1906=CARTESIAN_POINT('',(-0.0285055130545064,-0.053375999999998,0.0732440595636612));
#1907=CARTESIAN_POINT('',(-0.0285055130545065,-0.0446387120424592,0.0732440595636612));
#1908=CARTESIAN_POINT('',(-0.0284230262041082,-0.025330476462841,0.0731998756527896));
#1909=CARTESIAN_POINT('',(-0.0293977185790644,-0.053375999999998,0.0737219676082247));
#1910=CARTESIAN_POINT('',(0.000297918013741214,-0.0533759999999974,0.0737219676082247));
#1911=CARTESIAN_POINT('',(0.000297918013739558,0.0353800000000026,0.0737219676082247));
#1912=CARTESIAN_POINT('',(0.0291516734287155,-0.0533759999999969,0.0738287716810809));
#1913=CARTESIAN_POINT('',(0.0297571979463111,-0.0272617693990469,0.0734134837985037));
#1914=CARTESIAN_POINT('',(0.0291516734287139,0.0353800000000032,0.0738287716810809));
#1915=CARTESIAN_POINT('',(0.030362722463907,-0.0533759999999968,0.0738287716810809));
#1916=CARTESIAN_POINT('',(0.0297571979463111,-0.0272617693990469,0.0734134837985041));
#1917=CARTESIAN_POINT('',(0.030362722463907,-0.0533759999999968,0.0738287716810809));
#1918=CARTESIAN_POINT('',(0.000297918013741214,-0.0533759999999974,0.0737219676082247));
#1919=CARTESIAN_POINT('',(0.000297918013739558,0.0353800000000026,0.0737219676082247));
#1920=CARTESIAN_POINT('',(0.0297571979463111,-0.0272617693990469,0.0732440595636591));
#1921=CARTESIAN_POINT('',(0.0297571979463111,-0.0272617693990469,0.0742440595636591));
#1922=CARTESIAN_POINT('',(0.0455029027968381,-0.0272617693990469,0.0742440595636585));
#1923=CARTESIAN_POINT('',(0.0297571979463111,-0.0272617693990469,0.0732440595636591));
#1924=CARTESIAN_POINT('',(0.0455029027968381,-0.0272617693990469,0.0732440595636585));
#1925=CARTESIAN_POINT('',(0.0297571979463111,-0.0272617693990469,0.0732440595636591));
#1926=CARTESIAN_POINT('',(0.0297571979463111,-0.0272617693990469,0.0732440595636591));
#1927=CARTESIAN_POINT('',(0.0509093286362167,-0.0272617693990469,0.0732440595636584));
#1928=CARTESIAN_POINT('',(0.00187413796782473,-0.00899999999999768,0.0732440595636601));
#1929=CARTESIAN_POINT('',(0.00187413796782473,-0.00899999999999768,0.0732440595636601));
#1930=CARTESIAN_POINT('',(-0.0284230262041082,-0.025330476462841,0.0732440595636612));
#1931=CARTESIAN_POINT('',(-0.0284230262041082,-0.025330476462841,0.0732440595636612));
#1932=CARTESIAN_POINT('',(-0.0284230262041082,-0.025330476462841,0.0732440595636612));
#1933=CARTESIAN_POINT('',(-0.0284230262041082,-0.025330476462841,0.0732440595636612));
#1934=CARTESIAN_POINT('',(-0.0284230262041082,-0.025330476462841,0.0732440595636612));
#1935=CARTESIAN_POINT('',(-0.0284230262041082,-0.025330476462841,0.0732440595636612));
#1936=CARTESIAN_POINT('',(-0.0284230262041082,-0.025330476462841,0.0732440595636612));
#1937=CARTESIAN_POINT('',(0.00187413796782473,-0.00899999999999768,0.0732440595636601));
#1938=CARTESIAN_POINT('',(-0.000345948666710525,-0.0445467078598255,0.0732440595636602));
#1939=CARTESIAN_POINT('',(-0.00629548114891705,-0.0445467078598255,0.0732440595636604));
#1940=CARTESIAN_POINT('',(-0.00629548114891705,-0.0445467078598255,0.0732440595636604));
#1941=CARTESIAN_POINT('',(-0.000345948666710525,-0.0445467078598255,0.0732440595636602));
#1942=CARTESIAN_POINT('',(0.00560358381549601,-0.0445467078598255,0.07324405956366));
#1943=CARTESIAN_POINT('',(0.00560358381549601,-0.0445467078598255,0.07324405956366));
#1944=CARTESIAN_POINT('',(-0.00629548114891705,-0.0469665289793477,0.0732440595636604));
#1945=CARTESIAN_POINT('',(-0.00629548114891705,-0.04938635009887,0.0732440595636604));
#1946=CARTESIAN_POINT('',(-0.00629548114891705,-0.04938635009887,0.0732440595636604));
#1947=CARTESIAN_POINT('',(-0.00629548114891705,-0.0469665289793477,0.0732440595636604));
#1948=CARTESIAN_POINT('',(-0.000345948666710525,-0.04938635009887,0.0732440595636602));
#1949=CARTESIAN_POINT('',(0.00560358381549601,-0.04938635009887,0.07324405956366));
#1950=CARTESIAN_POINT('',(0.00560358381549601,-0.04938635009887,0.07324405956366));
#1951=CARTESIAN_POINT('',(-0.000345948666710525,-0.04938635009887,0.0732440595636602));
#1952=CARTESIAN_POINT('',(0.00560358381549601,-0.0469665289793477,0.07324405956366));
#1953=CARTESIAN_POINT('',(0.00560358381549601,-0.0469665289793477,0.07324405956366));
#1954=CARTESIAN_POINT('',(0.00187413796782473,-0.00899999999999768,0.0732440595636601));
#1955=CARTESIAN_POINT('',(0.00187413796782476,-0.0399999999999974,0.0742440595636601));
#1956=CARTESIAN_POINT('',(0.0297571979463111,-0.0272617693990469,0.0742440595636591));
#1957=CARTESIAN_POINT('',(0.0405057825953514,-0.0272617693990469,0.0742440595636587));
#1958=CARTESIAN_POINT('',(0.0297571979463111,-0.0272617693990469,0.0732440595636591));
#1959=CARTESIAN_POINT('',(0.0297571979463111,-0.0272617693990469,0.0732440595636591));
#1960=CARTESIAN_POINT('',(0.0405057825953514,-0.0272617693990469,0.0732440595636587));
#1961=CARTESIAN_POINT('',(0.00187413796782473,-0.00899999999999768,0.0732440595636601));
#1962=CARTESIAN_POINT('',(0.000347399866878724,0.00455000000000041,0.00524405956366017));
#1963=CARTESIAN_POINT('',(0.00989739986687872,0.00455000000000041,0.00524405956365983));
#1964=CARTESIAN_POINT('',(-0.00920260013312127,0.00455000000000041,0.00524405956366052));
#1965=CARTESIAN_POINT('',(0.00989739986687872,-0.0014999999999996,0.00524405956365983));
#1966=CARTESIAN_POINT('',(0.00989739986687872,-0.0075499999999996,0.00524405956365983));
#1967=CARTESIAN_POINT('',(0.000347399866878723,-0.0075499999999996,0.00524405956366017));
#1968=CARTESIAN_POINT('',(-0.00920260013312128,-0.0075499999999996,0.00524405956366052));
#1969=CARTESIAN_POINT('',(-0.00920260013312127,-0.00149999999999959,0.00524405956366052));
#1970=MECHANICAL_DESIGN_GEOMETRIC_PRESENTATION_REPRESENTATION('',(#1060,
#38,#39,#40,#41,#42,#43,#44),#1971);
#1971=(
GEOMETRIC_REPRESENTATION_CONTEXT(3)
GLOBAL_UNCERTAINTY_ASSIGNED_CONTEXT((#1972))
GLOBAL_UNIT_ASSIGNED_CONTEXT((#1975,#1974,#1973))
REPRESENTATION_CONTEXT('Top','TOP_LEVEL_ASSEMBLY_PART')
);
#1972=UNCERTAINTY_MEASURE_WITH_UNIT(LENGTH_MEASURE(2.26800000015653E-5),
#1975,'DISTANCE_ACCURACY_VALUE','Maximum Tolerance applied to model');
#1973=(
NAMED_UNIT(*)
SI_UNIT($,.STERADIAN.)
SOLID_ANGLE_UNIT()
);
#1974=(
NAMED_UNIT(*)
PLANE_ANGLE_UNIT()
SI_UNIT($,.RADIAN.)
);
#1975=(
LENGTH_UNIT()
NAMED_UNIT(*)
SI_UNIT($,.METRE.)
);
#1976=PRODUCT_DEFINITION_SHAPE('','',#1977);
#1977=PRODUCT_DEFINITION('','',#1979,#1978);
#1978=PRODUCT_DEFINITION_CONTEXT('',#1985,'design');
#1979=PRODUCT_DEFINITION_FORMATION_WITH_SPECIFIED_SOURCE('','',#1981,
 .NOT_KNOWN.);
#1980=PRODUCT_RELATED_PRODUCT_CATEGORY('','',(#1981));
#1981=PRODUCT('Top','Top','Top',(#1983));
#1982=PRODUCT_CATEGORY('','');
#1983=PRODUCT_CONTEXT('',#1985,'mechanical');
#1984=APPLICATION_PROTOCOL_DEFINITION('international standard',
'ap242_managed_model_based_3d_engineering',2020,#1985);
#1985=APPLICATION_CONTEXT('managed model based 3d engineering');
ENDSEC;
END-ISO-10303-21;
